"date","PM2.5DailyMean","PM2.5DailyMax","PM2.5DailyMin","tavg","tmin","tmax","prcp","wdir","wspd","pres","month","year"
"2020-01-01",8.1,22.6,1.3,21,17,30,80,NA,5.5,1015.3,1,2020
"2020-01-02",6.8,24.6,1.7,20.4,18,28.8,59.9,21,9.1,1016.6,1,2020
"2020-01-03",3.7,9.5,0,19.6,17,26,18,334,8.4,1018.4,1,2020
"2020-01-04",8.9,22.9,0,20.4,16.8,29,55.9,194,8.1,1017.6,1,2020
"2020-01-05",8.9,22.2,3.8,22,17,29,2,129,8,1016.3,1,2020
"2020-01-06",8.5,24.6,2.9,23.1,17,29,0,120,10.2,1017.3,1,2020
"2020-01-07",-62.2,11.1,-999,21.4,17,32,NA,81,8.1,1018.7,1,2020
"2020-01-09",-84.3,14.2,-999,22.1,17.8,28,NA,119,10.6,1018.8,1,2020
"2020-01-10",9.8,28.3,1.3,22.1,18,28,NA,127,10.5,1018.8,1,2020
"2020-01-11",11.6,23.5,4.1,20.9,14.5,29,NA,121,12.5,1018.6,1,2020
"2020-01-12",13.7,27.4,6.2,21.9,16,28.6,NA,110,10,1018.2,1,2020
"2020-01-13",15,36.4,6.3,22.1,18,28,NA,96,7.7,1016.7,1,2020
"2020-01-14",8.7,17.2,3,22.1,17,28,NA,110,11.8,1018,1,2020
"2020-01-15",-36.5,20.3,-999,22.3,17,29.2,NA,109,10.8,1019.2,1,2020
"2020-01-16",8.3,15.4,2.1,22.2,19.8,29.2,NA,111,12.1,1018.2,1,2020
"2020-01-17",10.5,28.7,0.6,22,19,28.4,6.1,22,6.1,1016.8,1,2020
"2020-01-18",4.5,9.3,0,22.3,19,28.4,0,344,4.8,1015.5,1,2020
"2020-01-19",3.3,6.7,0.2,21.7,19,28.3,17,320,10.3,1014.5,1,2020
"2020-01-20",4.4,10.5,0,20.9,18.9,28.3,9.9,333,7.5,1013.1,1,2020
"2020-01-21",11.1,41.2,0.1,19.8,19,26,13,75,8.1,1012.2,1,2020
"2020-01-22",8.6,17.9,1.5,18.4,17,22.2,35.1,119,10.8,1012.1,1,2020
"2020-01-23",7,18.1,0.3,18.8,17,21.7,26.9,191,10.1,1011.8,1,2020
"2020-01-24",11.2,22.3,1.4,21.7,18,28,20.1,80,6.1,1016.3,1,2020
"2020-01-25",7.1,17,1.2,20.7,18,28.1,0,132,12.2,1019.2,1,2020
"2020-01-26",6.6,11.4,0,20.3,18,26,NA,118,9.8,1020.1,1,2020
"2020-01-27",14.1,32.5,0.7,20.6,16,26.7,1,126,8.1,1019.1,1,2020
"2020-01-28",8.8,15,3.6,22.8,18.7,29,1,42,6.5,1016.7,1,2020
"2020-01-29",10.7,27.8,4.5,24.1,19.6,30.1,9.9,37,6.9,1017.5,1,2020
"2020-01-30",15.7,25.4,8.2,22.9,19.5,30.6,0,98,9.9,1019,1,2020
"2020-01-31",11.9,25.8,3.2,21.7,18,28.7,2,112,14.5,1019.5,1,2020
"2020-02-01",10.3,20.1,5.7,20.9,16,27,0,125,15.1,1020.6,2,2020
"2020-02-02",10.6,18.3,6.1,20.1,16,27,NA,149,10.8,1022.1,2,2020
"2020-02-03",9.9,21.1,2.2,20.8,15.8,26,NA,152,12.8,1021.2,2,2020
"2020-02-04",8.9,16,1.4,19.9,17,26,0.5,132,11.4,1020.3,2,2020
"2020-02-05",12.8,38.1,6.7,20.6,15,26,7.9,123,12,1020.3,2,2020
"2020-02-06",8.4,22,3,21.8,16,28,0,128,11.7,1020.3,2,2020
"2020-02-07",10.5,21.1,1.9,22.2,17,29.3,NA,135,8.3,1020.5,2,2020
"2020-02-08",12.5,23.5,5.5,21.9,14,29,NA,99,8.5,1021,2,2020
"2020-02-09",11.2,20.4,5.4,21.6,17,29.4,NA,125,10.8,1020.5,2,2020
"2020-02-10",14.4,27.8,4.5,22.5,16,30,NA,123,9,1018.3,2,2020
"2020-02-11",13.1,24.4,3.3,22.8,17,30,NA,107,8.2,1016.6,2,2020
"2020-02-12",13.1,23.1,7.5,22.1,16,29.9,NA,151,11.1,1016.4,2,2020
"2020-02-13",13.8,25.2,5.9,21.7,18,28.9,NA,160,9.4,1017.8,2,2020
"2020-02-14",12.6,34.2,5.8,22.4,18.7,28,NA,180,9.5,1017.9,2,2020
"2020-02-15",6.3,13.5,3,21.7,18,29.1,NA,254,9.6,1017.1,2,2020
"2020-02-16",6.5,14.8,0.2,20.3,18,29.1,11.2,113,8.7,1018,2,2020
"2020-02-17",5.7,15,0.9,22.1,18,28,23.9,123,13,1019.7,2,2020
"2020-02-18",6.1,16.4,0.5,22.3,19,28,0,118,9.6,1019.9,2,2020
"2020-02-19",-35.8,15.2,-999,21.8,18,28,3,84,8.3,1018.6,2,2020
"2020-02-20",7.3,17.3,0,21.3,18.6,27.9,17,83,8.4,1017.2,2,2020
"2020-02-21",6.5,11.7,0,21.2,18.8,28,6.1,83,8.6,1017.9,2,2020
"2020-02-22",7.7,20.5,1.3,20.9,17,27.3,84.1,84,9.2,1018.1,2,2020
"2020-02-23",6.8,16.1,0.4,21.1,18.8,26.1,37.1,24,7.3,1017.2,2,2020
"2020-02-24",3.8,10.8,0,22.8,19,30,0,303,12,1015.3,2,2020
"2020-02-25",10.5,30.1,0.5,21.9,19,28.9,0,117,8.8,1014.8,2,2020
"2020-02-26",8.9,15.9,0.5,20.4,18,24,6.1,109,11.1,1017,2,2020
"2020-02-27",8.3,12.9,1.6,21.5,18.6,28,0,124,9.8,1018.3,2,2020
"2020-02-28",15.4,30.1,4.4,22.6,17,30.2,NA,96,8.2,1017,2,2020
"2020-02-29",16.9,43.5,5.9,22.9,17,30.7,NA,149,6.2,1014.8,2,2020
"2020-03-01",10.7,16.4,7.1,21.9,16.6,30,NA,95,7,1014.2,3,2020
"2020-03-02",8.2,14.7,2,21.4,18,29.5,NA,121,9.6,1016.3,3,2020
"2020-03-03",9.4,15.9,4.3,22.1,19,28,NA,143,9.2,1018.4,3,2020
"2020-03-04",7.5,14.7,1,22.1,19,28,2,118,10.5,1019,3,2020
"2020-03-05",5.7,11.5,1.3,20.7,17,27,0,159,14.4,1018.6,3,2020
"2020-03-06",10.8,32.5,1.3,22.6,15.6,29,NA,140,9.2,1016.8,3,2020
"2020-03-07",8.3,15.1,4.3,22.7,20,31,NA,151,12.3,1016,3,2020
"2020-03-08",5.5,11.7,0.5,21.5,19,29.9,NA,158,14,1017.1,3,2020
"2020-03-09",6.1,13.6,0,21.7,12,27.1,NA,148,15.6,1016.7,3,2020
"2020-03-10",9.4,27.2,0,21.9,18,27,NA,163,14.7,1016.7,3,2020
"2020-03-11",10,20.5,2,21.8,18,27,0,155,15,1017.4,3,2020
"2020-03-12",15.1,27.9,1.2,21.9,19,27,NA,155,15.1,1017.8,3,2020
"2020-03-13",-33.4,25.4,-999,20.2,16,26.6,NA,155,16.3,1018,3,2020
"2020-03-14",9.6,12.4,4.7,19.1,17,25,NA,163,14.4,1017.5,3,2020
"2020-03-15",9.1,24.2,2.1,20.6,18,27.1,NA,153,9.7,1015.5,3,2020
"2020-03-16",14.2,52.3,2.3,21.4,15,28,NA,120,7.1,1014.6,3,2020
"2020-03-17",9.8,20.1,4.5,22.4,17.5,29.2,0,308,9,1015.6,3,2020
"2020-03-18",9.1,18.8,3.5,20.8,18,29.2,NA,300,6.1,1017.3,3,2020
"2020-03-19",11,24.3,2.4,21.2,16.7,26.5,77,82,5.9,1018.2,3,2020
"2020-03-20",11.1,20,4.3,20.4,18,26.5,5.1,118,8.6,1019.5,3,2020
"2020-03-21",7.2,15,3,21.4,12.4,26,3,75,8.6,1020.2,3,2020
"2020-03-22",7.1,11.8,0.5,19.8,16.9,26.7,3,120,14.1,1022,3,2020
"2020-03-23",10.2,26.2,3.2,19.9,6.2,26,0,132,12,1022.8,3,2020
"2020-03-24",5.2,11.5,0.7,20.3,17,25.4,NA,134,11.6,1020.4,3,2020
"2020-03-25",7.8,19.8,2.3,21.1,15,27,NA,120,8.3,1017,3,2020
"2020-03-26",6.3,18.2,3.1,21.8,18,27,NA,78,8.5,1016.1,3,2020
"2020-03-27",-66.2,10.5,-999,21.9,18,29,NA,117,9,1018.5,3,2020
"2020-03-28",6.2,16,2.2,21.7,17.9,29,NA,111,8.2,1018.5,3,2020
"2020-03-29",7.7,16.2,1.5,22.3,18,29,1,NA,7.9,1016,3,2020
"2020-03-30",15,33.8,7.1,22.6,16.9,30,0,308,6.8,1015.5,3,2020
"2020-03-31",11.8,27.9,5.6,22.9,18,30,NA,111,8.4,1016.9,3,2020
"2020-04-01",17,31.4,7.5,22.4,18,29.5,NA,136,8.3,1017.5,4,2020
"2020-04-02",10.8,18.5,6.5,22.3,18.5,27.6,NA,106,8,1016.3,4,2020
"2020-04-03",6.9,13.3,2.2,19.9,16,27.6,NA,130,12.5,1017.2,4,2020
"2020-04-04",6.3,15.1,0.6,18.9,15,26.7,6.1,141,10.8,1019,4,2020
"2020-04-05",8.9,18.6,4.1,19.1,15,26.2,0,115,9.6,1020.1,4,2020
"2020-04-06",10.3,25.6,3.4,20.3,14,27.2,NA,78,6.9,1020.2,4,2020
"2020-04-07",8.6,17.2,2.5,21.1,17,27,NA,60,7.4,1020.7,4,2020
"2020-04-08",17.6,26.4,12.1,21.6,17.7,27.2,NA,106,8.6,1021.9,4,2020
"2020-04-09",14.2,28.7,6.3,20.6,16,27.2,NA,125,13.2,1022.7,4,2020
"2020-04-10",9.2,14.2,4.9,19.9,17,26.6,NA,135,12.7,1023.1,4,2020
"2020-04-11",11.5,30.5,5.2,19.6,15.5,25.2,NA,142,14,1023,4,2020
"2020-04-12",7,15.6,2.4,19.4,15.4,25,NA,129,12.1,1022.1,4,2020
"2020-04-13",5.7,10.8,0.7,19.9,17,26,NA,127,12.9,1021.5,4,2020
"2020-04-14",7.7,19.2,0.8,20.2,16.5,24,1,119,10.1,1021.5,4,2020
"2020-04-15",9.7,20.2,5.7,20.9,15.1,25,0,131,11.3,1022.2,4,2020
"2020-04-16",7.3,13.2,0,19.4,11.8,24.6,1,121,14.9,1021.9,4,2020
"2020-04-17",11.1,19,4.5,18.5,13.4,25,0,134,11.8,1021.7,4,2020
"2020-04-18",9.7,15,5.2,19.3,15.5,25,NA,144,12.9,1021.7,4,2020
"2020-04-19",6.4,11,3.5,19.8,17,25,NA,151,14.8,1020.9,4,2020
"2020-04-20",8.8,18.6,2.7,17.7,15,25,NA,155,14.6,1021.3,4,2020
"2020-04-21",6.8,13.8,1,18.3,15,23,NA,138,13.2,1020.8,4,2020
"2020-04-22",11.4,30.5,1,19.1,15.9,23,NA,130,9.7,1019.8,4,2020
"2020-04-23",8,16.9,1,19.9,16.8,26,NA,126,11.5,1019.5,4,2020
"2020-04-24",8.6,21.2,2.1,19.4,16,25.6,14,120,9.5,1019.3,4,2020
"2020-04-25",9.2,18.3,1.9,19.8,16,26.2,0,85,7.5,1018.5,4,2020
"2020-04-26",13.5,51.2,1.3,20.6,16.6,28,13,303,5.3,1019.6,4,2020
"2020-04-27",10.2,21.7,1.8,20.4,17,26.5,0,128,10.8,1022.6,4,2020
"2020-04-28",6.7,11.4,0,19,16.9,26.5,NA,133,12.2,1024,4,2020
"2020-04-29",7.4,11.9,0.8,18.7,17,23.3,NA,127,11.1,1024.3,4,2020
"2020-04-30",10.4,23.2,3.4,18.4,15,24,NA,117,11.4,1024.7,4,2020
"2020-05-01",11.7,28.1,6.4,17.9,13,24.1,NA,117,9.6,1023.4,5,2020
"2020-05-02",16.3,36.2,5.3,19.6,14.5,28,NA,98,7.8,NA,5,2020
"2020-05-03",20.7,52.6,4.1,19.9,13,28,NA,NA,5.2,NA,5,2020
"2020-05-04",13.5,22.5,7.2,20.6,16,27.9,NA,NA,7.7,1021.5,5,2020
"2020-05-05",13.2,32.8,4.2,19.8,14.8,27.8,NA,118,9.1,1022.6,5,2020
"2020-05-06",11.8,27.4,2.6,18.9,15,26,NA,112,8.1,1022.2,5,2020
"2020-05-07",22.7,54.4,7,19.8,16,27,NA,29,4.7,1020.5,5,2020
"2020-05-08",-61.2,24.4,-999,19.2,14,27,NA,130,8.5,1020.5,5,2020
"2020-05-09",13.8,28.1,7.6,18.6,15,25,NA,114,11.9,1021.9,5,2020
"2020-05-10",10.5,26.5,3.1,17.3,15,24.7,NA,120,12.6,1023.3,5,2020
"2020-05-11",10.2,24.1,1.8,17.1,14.9,21,NA,117,12.7,1023.4,5,2020
"2020-05-12",18.4,71.1,2.2,17.7,15,24.2,NA,105,7.8,1021,5,2020
"2020-05-13",17.5,58.3,9.1,18.6,15,25.4,NA,1,7.8,1020.2,5,2020
"2020-05-14",34.4,65,11.3,18.2,13,27,NA,314,6.1,1019.3,5,2020
"2020-05-15",31.6,54.2,13,18.4,13,26,NA,322,5.6,1018.6,5,2020
"2020-05-16",21.9,38.7,11.4,20.2,14.7,27,NA,70,6.6,1019.9,5,2020
"2020-05-17",17.5,29.2,10.5,18.6,15,27.3,NA,128,9.3,1023.3,5,2020
"2020-05-18",16.6,46.7,7,16.2,12.3,25.1,NA,120,8.3,1024.5,5,2020
"2020-05-19",12.9,23.6,5,15.3,11,22.6,NA,111,11.7,1024,5,2020
"2020-05-20",10.7,17.3,4.3,15.1,10.9,21.6,NA,123,13.3,1025.3,5,2020
"2020-05-21",8,14,2.8,15.2,12,20.5,NA,146,15.6,1026.5,5,2020
"2020-05-22",13.2,28.5,3.6,14.7,10.3,20,NA,142,11.5,1026.5,5,2020
"2020-05-23",19,42.3,7.2,15.8,10,23,NA,141,10.9,1025.1,5,2020
"2020-05-24",12.5,25,4.8,16.9,12.8,23.2,NA,124,10.5,1023.5,5,2020
"2020-05-25",11.2,25,2.5,17,13,23.4,NA,97,8.1,1022.9,5,2020
"2020-05-26",14.3,28.4,3.4,17.4,13,25.2,NA,83,6.1,1022.7,5,2020
"2020-05-27",28.5,90.6,8.5,17.2,10,26,NA,81,7.7,1023.2,5,2020
"2020-05-28",32.1,77.5,11.9,17.4,12,27,NA,108,6.3,1023.4,5,2020
"2020-05-29",13.7,32.3,6.7,17.2,11,25.8,NA,101,9.9,1023.3,5,2020
"2020-05-30",25,65,6.8,17.8,10,27.2,NA,111,8.6,1023,5,2020
"2020-05-31",18.3,55.6,8.8,17.8,14,27.2,NA,118,11.2,1024.6,5,2020
"2020-06-01",13,23,5.2,16.2,13,24.4,NA,136,12.2,1025.7,6,2020
"2020-06-02",11.5,23.3,1.8,15.6,12,21,0,147,13,1025.2,6,2020
"2020-06-03",9.5,20.8,2.9,15,12,20.6,NA,136,17.6,1024.7,6,2020
"2020-06-04",17.5,51.7,3.1,15.3,10,23.9,NA,128,12,1025,6,2020
"2020-06-05",10.9,23.9,2.8,16.1,13.8,21,NA,119,9.7,1024.5,6,2020
"2020-06-06",16,49.8,5.9,16.3,12.9,22,NA,112,12.1,1024,6,2020
"2020-06-07",8.5,18.1,1.8,15.4,13,21.6,NA,136,14.9,1024.3,6,2020
"2020-06-08",9.4,20.6,2.4,13.7,11,20.2,0,139,16.7,1024.2,6,2020
"2020-06-09",17.5,55.5,3.7,13.6,8,19,NA,139,12.3,1023.8,6,2020
"2020-06-10",11.7,26.5,3.5,13.7,10,20,NA,146,15.1,1024.6,6,2020
"2020-06-11",13.7,30.8,1.8,14.6,11.8,20,0,146,15.6,1023.8,6,2020
"2020-06-12",15.9,37.9,4.5,15.2,11.9,21.1,NA,145,11.3,1022.8,6,2020
"2020-06-13",20.3,56.4,3.9,14.8,10,23,NA,109,10.2,1022.8,6,2020
"2020-06-14",11.4,18.7,6.4,14.3,10,22.9,NA,142,15.2,1024.1,6,2020
"2020-06-15",15.5,54.2,5.1,14.7,9.6,21.9,NA,130,13.8,1024.4,6,2020
"2020-06-16",13.1,24.8,4.8,15.6,13,20.8,NA,144,12.3,1024.3,6,2020
"2020-06-17",9.6,16.9,4.3,14.4,11,18.3,NA,151,17,1025.4,6,2020
"2020-06-18",10,20.2,0.6,13.6,10,19,NA,148,15.9,1025.8,6,2020
"2020-06-19",11.6,20.3,5.2,14.6,12,19,NA,146,15.1,1025,6,2020
"2020-06-20",13.8,23.3,2.8,14.2,6.9,18.9,0.3,152,12.6,1024.8,6,2020
"2020-06-21",11.7,21.5,3.3,15.9,13,20.3,4.1,134,13.5,1024.3,6,2020
"2020-06-22",12.9,24.9,4,17.8,14,26,0,137,7.8,1022.3,6,2020
"2020-06-23",14.2,26.6,6.5,17.4,13.3,25.5,NA,137,11.7,1022.9,6,2020
"2020-06-24",9.7,20.5,2.1,18.3,15.7,24,NA,130,13.4,1022.9,6,2020
"2020-06-25",12.5,33.5,2.1,17.8,15,23.2,NA,127,11.8,1022.5,6,2020
"2020-06-26",11.4,23.6,3.9,15.4,12,22.6,0.3,123,10.8,1023.1,6,2020
"2020-06-27",13.2,30,5.1,15.9,12,23,0,101,10.2,1023.3,6,2020
"2020-06-28",20.1,50.1,6.8,15.7,10.7,25,NA,99,7.2,1022.6,6,2020
"2020-06-29",43.2,126.5,16.8,15.8,8.4,26,NA,38,4.8,1022.2,6,2020
"2020-06-30",37.4,107.2,15,15.3,8,26,NA,NA,4.5,1021.5,6,2020
"2020-07-01",24.3,47.1,10.7,15.4,8.1,26,NA,127,10.4,1022.8,7,2020
"2020-07-02",12.8,25.7,5.1,14.2,10,22.2,NA,137,12.4,1023.2,7,2020
"2020-07-03",13.3,28,4.5,14.2,10,21,NA,133,12.1,1023.1,7,2020
"2020-07-04",18.7,40.6,7.9,14.8,8.9,21,NA,112,10.1,1023.3,7,2020
"2020-07-05",11.1,20.8,4.4,14.5,11,20,NA,120,12.3,1023,7,2020
"2020-07-06",14.2,27.4,6.4,15.4,10,24,NA,133,10.8,1022.6,7,2020
"2020-07-07",11.3,25.6,3.8,16.4,12,23.8,NA,134,13.3,1023.8,7,2020
"2020-07-08",12.4,24.7,4.7,16.8,14,25,NA,135,13.4,1025.5,7,2020
"2020-07-09",7.8,14.1,1.6,14.8,12,23.5,NA,145,17.2,1025.9,7,2020
"2020-07-10",9.9,16.7,0.6,13.9,11,18.4,0,138,16.2,1024.9,7,2020
"2020-07-11",9.8,23.4,1.1,14.7,5.5,21,0.5,123,17.6,1024.8,7,2020
"2020-07-12",12.5,27.5,4.5,15.2,8,22,0,117,8.8,1023.9,7,2020
"2020-07-13",18.3,44.3,4.8,15.3,11,23,NA,102,6.8,1020.4,7,2020
"2020-07-14",30.1,66.6,13.8,15.1,10,23,NA,104,6.7,1021,7,2020
"2020-07-15",24.9,68.4,7.5,14.8,7,24,NA,105,8.4,1024,7,2020
"2020-07-16",17.8,43.1,5.3,15,10,23,NA,144,14.2,1023.8,7,2020
"2020-07-17",6.6,12.5,2.3,12.8,9,21.1,NA,157,18.2,1024,7,2020
"2020-07-18",8.8,14.9,3.9,13.3,8,18,NA,142,15.8,1024.5,7,2020
"2020-07-19",9,17.3,0.9,12.8,10,25,NA,145,16.9,1025.5,7,2020
"2020-07-20",8,19.7,1.6,13.5,10,19,NA,137,18.2,1024.8,7,2020
"2020-07-21",9.5,17.2,3.5,13.8,10,21,NA,133,12.9,1023.5,7,2020
"2020-07-22",16.6,36.6,5.8,12.6,8,20,NA,145,13.2,1022.1,7,2020
"2020-07-23",-58.7,11.3,-999,12.8,10,18.2,0.8,150,19.6,1022.4,7,2020
"2020-07-24",16.9,72.3,3,12.6,11,18,0.3,145,22.5,1023.7,7,2020
"2020-07-25",7.6,14.4,2.9,12.1,9.6,15,0,143,20.9,1024.5,7,2020
"2020-07-26",7.2,14.8,1.9,11.9,10,17,0,135,16.9,1024.8,7,2020
"2020-07-27",25.8,56.6,5.3,15.7,9,23.5,NA,135,7.5,1024.3,7,2020
"2020-07-28",14.7,23.2,7.9,15.4,14,19.2,NA,133,10.2,1022.8,7,2020
"2020-07-29",12.9,25.2,4.6,16.6,13,29.2,NA,115,11.1,1023.1,7,2020
"2020-07-30",24.4,72.7,2.1,18.9,13.4,25,NA,66,5.2,1022.9,7,2020
"2020-07-31",18.8,43.7,5.5,17.7,13,25,NA,128,14.6,1023.4,7,2020
"2020-08-01",8.9,13.5,3.5,14.9,13,23.8,NA,136,15.6,1026,8,2020
"2020-08-02",10.5,18.2,4.6,14.2,10,20,NA,136,18.2,1027.3,8,2020
"2020-08-03",9.1,14.2,2.4,13.7,10,18,NA,147,24.4,1028.2,8,2020
"2020-08-04",9.6,16.7,2.1,13.1,9,20,NA,123,14.2,1025.8,8,2020
"2020-08-05",28.9,60,16.4,15.6,8,27,NA,96,7.1,1022.8,8,2020
"2020-08-06",32.7,69.8,14.7,15.6,7,26.2,NA,95,8.7,1021.6,8,2020
"2020-08-07",39.7,103.3,15.3,17.8,8,29,NA,39,6.4,1022.1,8,2020
"2020-08-08",20.9,41.3,4.7,15.6,13,28.2,NA,133,14.9,1023.3,8,2020
"2020-08-09",8.7,21.1,0.9,12.7,9,21.6,NA,129,17,1023,8,2020
"2020-08-10",25.6,50.3,6.4,13.4,5.1,23,NA,107,7.2,1021.4,8,2020
"2020-08-11",39.5,101.6,16.2,14.8,6,24.3,NA,106,10.6,1021.9,8,2020
"2020-08-12",34.9,104.8,15.3,13.4,7.8,24.3,NA,122,11,1022.8,8,2020
"2020-08-13",35,65.7,16.7,14.3,5.9,23,NA,106,7.3,1021.4,8,2020
"2020-08-14",51.3,132.8,17.3,15.3,7.7,24,NA,105,9.8,1021.4,8,2020
"2020-08-15",37.5,97.5,20.8,13.8,7,23.8,NA,122,11.8,1021.9,8,2020
"2020-08-16",26.9,53.6,12.3,14.3,6.8,24,NA,116,10.9,1021.6,8,2020
"2020-08-17",15.3,21.9,10,16.1,11.2,23.6,NA,107,12.8,1022.5,8,2020
"2020-08-18",15.9,36.6,8.7,15.1,10,23.2,NA,123,11,1022.6,8,2020
"2020-08-19",18.5,56.2,8.6,15.9,8.8,23.2,NA,124,11.3,1022.1,8,2020
"2020-08-20",14.3,19,9.6,17.2,12,24,NA,118,12.4,1021.3,8,2020
"2020-08-21",24.2,61.6,12.1,16.9,9.7,25,NA,114,10.2,1022.8,8,2020
"2020-08-22",22.3,42.7,11.7,15.6,10.9,24.9,NA,125,14.8,1023.6,8,2020
"2020-08-23",-28.9,26.3,-999,14.7,10,21,NA,127,14.3,1023.6,8,2020
"2020-08-24",27.3,71.5,8.9,16,6,26,NA,103,8.2,1022.7,8,2020
"2020-08-25",18.5,27.3,9,17.8,13.1,26,NA,121,11.9,1023.5,8,2020
"2020-08-26",23.4,65.8,7.8,17.9,11.2,25.7,NA,104,11.2,1023.9,8,2020
"2020-08-27",23.4,51.7,6.5,17.8,11,27,NA,115,10.8,1023.1,8,2020
"2020-08-28",21,40.4,11.1,16.7,10.5,27.1,NA,96,13.6,1021.9,8,2020
"2020-08-29",17,32.5,8.2,16.3,11.6,24,NA,100,15.3,1022.2,8,2020
"2020-08-30",15.8,24.5,8,16.2,12,22.3,NA,125,15.7,1022.5,8,2020
"2020-08-31",13,23.2,6.5,16.2,13,22,NA,133,12.8,1023.5,8,2020
"2020-09-01",26,81.1,7.1,15.5,8,24,NA,123,11.5,1023.6,9,2020
"2020-09-02",19.6,46.8,6.7,16.7,9,26,NA,103,8.9,1021.8,9,2020
"2020-09-03",21.4,37.3,9.5,16.5,10.3,25.3,NA,114,13.2,1021.2,9,2020
"2020-09-04",17.4,26.2,6.8,15.2,11,25.3,NA,141,15,1021.2,9,2020
"2020-09-05",13.7,20.7,8.2,14.7,2.4,21,NA,140,14.9,1020.7,9,2020
"2020-09-06",10.2,16.2,5.5,15.4,12.7,20.8,NA,141,17.4,1019.9,9,2020
"2020-09-07",12.1,17.8,2.8,16.7,11,25,NA,148,12.8,1021.4,9,2020
"2020-09-08",15.9,37.6,7.6,16.7,11,23,NA,133,14.7,1024,9,2020
"2020-09-09",12.7,24,5.8,16.8,14,23.2,NA,127,16,1025.1,9,2020
"2020-09-10",14.1,28.7,5.7,17.5,12.3,25,NA,138,14.4,1023.5,9,2020
"2020-09-11",11.3,20.4,4,17,13,23.5,NA,126,15,1022.1,9,2020
"2020-09-12",21.5,49.1,6.5,17.4,9.7,26,NA,116,12,1023.8,9,2020
"2020-09-13",18.9,49.9,7.7,17.6,12,24.2,NA,133,16.3,1024.5,9,2020
"2020-09-14",12.8,21.3,5.4,16.7,13,24.7,NA,137,18.8,1024.6,9,2020
"2020-09-15",18.3,44.9,9,16.8,8.7,26,NA,114,11.7,1022.8,9,2020
"2020-09-16",18.8,35.4,12.2,16.9,9.6,26,NA,97,12.4,1021.3,9,2020
"2020-09-17",18.9,30.6,11.4,16.5,8.5,26,NA,92,13.8,1023.1,9,2020
"2020-09-18",22.6,44.5,14.4,16.6,8.8,25.5,NA,96,14.9,1023.6,9,2020
"2020-09-19",22.6,33.4,15,15.7,10,24.5,NA,114,15.2,1023.2,9,2020
"2020-09-20",24.9,71.4,8.1,15.8,7,24,NA,88,15,1022.8,9,2020
"2020-09-21",20.4,58.7,5.8,16.5,9.8,23.1,NA,111,12.7,1023,9,2020
"2020-09-22",35.7,61.8,11.5,19.3,11,29.4,NA,128,9.5,1023,9,2020
"2020-09-23",27.7,35.6,22.2,17.5,12,29.4,NA,142,16.2,1022.7,9,2020
"2020-09-24",18.5,28.1,11.9,18.2,14,24.8,NA,127,17.5,1021.8,9,2020
"2020-09-25",13.5,20.7,8.3,17.7,13,24.8,NA,122,13.2,1022.1,9,2020
"2020-09-26",20.6,33.4,9.2,18.5,12.5,27,NA,111,9.5,1019.6,9,2020
"2020-09-27",41.2,57.5,25.7,19.6,12,28.5,NA,101,8.9,1018.5,9,2020
"2020-09-28",38.1,55.6,18.1,19.4,12.5,28.5,NA,99,12.6,1020.5,9,2020
"2020-09-29",42.9,71.8,21.8,19.1,13,28.1,NA,98,11.5,1021.2,9,2020
"2020-09-30",57,69.9,42.3,20.6,11,31,NA,104,8.4,1019.9,9,2020
"2020-10-01",63.1,88.5,35.7,20.4,14,30.7,NA,101,11.3,1019.6,10,2020
"2020-10-02",64.4,95.3,30.3,22.8,14,32.2,NA,129,8,1019.5,10,2020
"2020-10-03",53.5,77.6,24.6,22.6,17,32.2,NA,93,12.2,1020.3,10,2020
"2020-10-04",64.7,96.4,44.9,23,17.2,32.7,NA,85,12.7,1019.5,10,2020
"2020-10-05",19.2,61.7,3.7,18,14.8,32.7,NA,109,15.4,1019.9,10,2020
"2020-10-06",10,22.6,1.6,17.9,11.8,24.2,16,82,13.4,1019.2,10,2020
"2020-10-07",16.2,32.9,3.6,19.9,15,26,27.9,49,10.7,1018.6,10,2020
"2020-10-08",29,62.1,13.6,21.2,16,27,0,24,9.7,1018.2,10,2020
"2020-10-09",19.4,33.7,12.6,21.4,15.6,28,NA,67,10.4,1018.7,10,2020
"2020-10-10",12.5,12.5,12.5,21.8,18,28,NA,90,12.4,1019.8,10,2020
"2020-10-13",-38.1,70.2,-999,22.6,19,29,NA,112,12.7,1020.5,10,2020
"2020-10-14",49.8,72.3,18.9,21.9,15.7,30,NA,108,12.4,1021.2,10,2020
"2020-10-15",30,64.6,12.4,18.8,16,24.4,NA,116,17.3,1022.7,10,2020
"2020-10-16",-58.4,68,-999,20.4,14,27,NA,105,11.1,1020.5,10,2020
"2020-10-17",63.7,132.1,31.4,20.1,16.8,26,NA,106,14.1,1019.3,10,2020
"2020-10-18",29.3,104.8,9.5,19.7,16,26.3,NA,123,14.9,1020.3,10,2020
"2020-10-19",32.1,124.9,5.6,19.9,16,26.3,NA,127,17.3,1020.5,10,2020
"2020-10-20",46,113,9.7,19.6,14,26.2,NA,122,14,1021,10,2020
"2020-10-21",54.9,113.3,17.5,19.8,15,26.3,NA,128,13.5,1022,10,2020
"2020-10-22",47.9,138.1,9.4,18.7,13,26.5,NA,132,16.3,1022.6,10,2020
"2020-10-23",41.8,129.9,15,18.9,13.8,26.5,NA,116,19.1,1022.6,10,2020
"2020-10-24",42.5,67.6,14.9,18.9,12.6,26,NA,112,17.5,1021.5,10,2020
"2020-10-25",47.3,115.2,12.8,19.2,13,27.3,NA,124,15.3,1020.8,10,2020
"2020-10-26",37.7,96.5,9.5,20.3,14,27.3,NA,122,12.5,1020.2,10,2020
"2020-10-27",68,110.1,32.3,19.1,15,29,NA,103,9.8,1020,10,2020
"2020-10-28",71.5,161.7,29,19.6,15,26,NA,104,12.2,1020.9,10,2020
"2020-10-29",26.9,77.9,10.3,18.6,14,25.9,NA,127,17.6,1023.9,10,2020
"2020-10-30",16.5,45.3,6.9,17.1,14,24.5,0.3,140,19,1024.8,10,2020
"2020-10-31",10.4,18.9,3.1,16.3,13,21.6,0,129,16.3,1022.4,10,2020
"2020-11-01",20.8,46.3,10.8,19.4,11.9,29,NA,97,10.2,1020,11,2020
"2020-11-02",22.1,49.9,10.5,18.8,12,26,NA,109,13.3,1021.5,11,2020
"2020-11-03",39.6,81.5,12.3,19.7,12.6,28.1,NA,99,12.5,1022.4,11,2020
"2020-11-04",63.5,119.1,17.2,20.3,12.9,30,NA,110,10.9,1020.9,11,2020
"2020-11-05",114.4,205.9,63.3,21.4,14,31,NA,95,11.7,1020.3,11,2020
"2020-11-06",93.9,171.8,25.6,21.4,15,30.5,NA,110,14.1,1021,11,2020
"2020-11-07",74.8,128,21.8,22.2,17,31,NA,100,13.9,1022.1,11,2020
"2020-11-08",68.2,102,32.3,21.8,14,31,NA,110,14.2,1023.2,11,2020
"2020-11-09",26,53.3,11.6,19.2,15,31,NA,112,17.3,1023.8,11,2020
"2020-11-10",14.7,27.4,7,20.7,16,28,NA,114,13.4,1021.1,11,2020
"2020-11-11",44.5,85,25.3,21.3,14,30,NA,96,9.8,1018.7,11,2020
"2020-11-12",39.4,69.8,7.7,20,17,29.7,0,24,9.8,1018.1,11,2020
"2020-11-13",18.3,50.4,5.6,22.1,15.9,30,16,286,9.2,1017.4,11,2020
"2020-11-14",13.2,30.6,4.4,19.9,16,29.6,0,120,13.4,1017,11,2020
"2020-11-15",7.7,15.5,2.1,19.7,16,26.5,26.9,119,14.8,1018.5,11,2020
"2020-11-16",10.7,26.6,2.4,20.8,12.6,28.5,0,118,12.8,1018.5,11,2020
"2020-11-17",21.3,33.6,10.3,21.2,15,29,NA,114,8.9,1017.8,11,2020
"2020-11-18",27.9,48,14,20.9,15,29.3,NA,110,8.7,1017,11,2020
"2020-11-19",-32.7,65.6,-999,22.1,12,30,NA,91,7.2,1016.2,11,2020
"2020-11-20",56.7,124,22.5,23.6,14,30,NA,158,9.2,1016.2,11,2020
"2020-11-21",41.7,99.8,12.7,23,18,31,NA,116,11,1016.8,11,2020
"2020-11-22",16.3,40.2,6.8,21.3,16,31,7.9,96,11.8,1020.3,11,2020
"2020-11-23",22.1,37.1,14.4,22.3,19,29,0,111,12.4,1020.9,11,2020
"2020-11-24",24,42.2,10.2,22.3,16,30.2,0,117,15.2,1020,11,2020
"2020-11-25",25.9,52.7,7.5,21.7,16,30.2,NA,112,15.7,1018.9,11,2020
"2020-11-26",25.7,49.8,11.7,21.3,14,29.6,NA,104,12.6,1019.5,11,2020
"2020-11-27",29.2,41.2,16.8,22.8,16,31,NA,99,9.2,1019.7,11,2020
"2020-11-28",37.9,66.4,23.5,23.3,18,31,NA,110,13.2,1018.6,11,2020
"2020-11-29",30.5,55.8,16.1,23.4,17,31,NA,109,8.9,1018,11,2020
"2020-11-30",41.6,84.5,16.2,22.9,16.2,33,NA,107,9.1,1016.8,11,2020
"2020-12-01",26.5,39,15,20.9,18,31.7,3,348,6.4,1017.4,12,2020
"2020-12-02",23.5,43.5,9.8,22.4,17,30,0.3,315,8.2,1018,12,2020
"2020-12-03",20.9,43.9,4.3,24.1,18.8,31,0,78,9.5,1019.3,12,2020
"2020-12-04",28.8,45.4,20.8,23.2,17.8,31,NA,96,10.5,1019.6,12,2020
"2020-12-05",28.5,40.6,17.8,23.6,20,30.8,0,126,13.6,1019.2,12,2020
"2020-12-06",11.3,18.6,3.7,22.3,18,29.2,NA,123,13.5,1020,12,2020
"2020-12-07",12.5,21.1,8.4,22.9,20,29.2,NA,346,10.5,1019.9,12,2020
"2020-12-08",11.7,21.9,4.9,21.2,17,28.4,NA,145,13.3,1019.6,12,2020
"2020-12-09",8.5,18.3,1.1,19.3,16.6,28,2.5,137,13.8,1019.1,12,2020
"2020-12-10",10.2,17.9,3.6,19.6,17,25,NA,124,12.6,1019.6,12,2020
"2020-12-11",9.7,21.1,2.8,18.7,17,21.3,NA,121,11,1020.1,12,2020
"2020-12-12",7.1,17.7,2,19.4,16,23,NA,128,14.6,1020.7,12,2020
"2020-12-13",8.2,18.8,1.4,19.5,14.9,26.1,NA,128,14.1,1020.1,12,2020
"2020-12-14",8.7,18,0.2,20.4,16,27.4,NA,135,13.4,1019,12,2020
"2020-12-15",13.8,35.6,5.5,21.4,13,30,NA,119,12.6,1018.2,12,2020
"2020-12-16",15.1,34.1,5.7,22.7,15,30.1,NA,122,13.2,1019.2,12,2020
"2020-12-17",10.7,18.6,5.3,23.1,17,29.1,NA,108,14.3,1019.2,12,2020
"2020-12-18",9.2,22.2,2,23.8,19,31,NA,75,11.1,1018.3,12,2020
"2020-12-19",17.2,39.7,4.2,22.7,17,30.4,NA,180,8.7,1018.1,12,2020
"2020-12-20",13.4,20,6,22.2,18,29,17,111,10.4,1019.1,12,2020
"2020-12-21",13,29.5,2.7,21.3,18,29,0,107,10.7,1019.4,12,2020
"2020-12-22",9,19.6,3.6,21.9,17,29,4.1,111,15.3,1019,12,2020
"2020-12-23",12.3,31.4,4.6,21.6,16,28,0,125,13.6,1018.2,12,2020
"2020-12-24",14.9,24.5,6.9,22.4,16,30,NA,113,10.4,1016.2,12,2020
"2020-12-25",16.4,28.6,7.8,22.8,15,30,NA,130,10.5,1015.7,12,2020
"2020-12-26",13.3,22.8,8.9,22.5,16,29.1,NA,142,14.3,1016.2,12,2020
"2020-12-27",5.4,17.6,2.5,19.3,18,29.1,21.1,123,17.7,1014.8,12,2020
"2020-12-28",6.4,17.8,0,21,18.6,26,11.9,103,12.8,1017.5,12,2020
"2020-12-29",-37,15.6,-999,21.6,19,26,3,131,16.8,1017.8,12,2020
"2020-12-30",-33.9,36,-999,21.4,17,27,0,134,16.4,1018.8,12,2020
"2020-12-31",9.4,21.3,2.8,20.4,15,26.9,NA,136,16.5,1019.8,12,2020
"2021-01-01",6.1,13.8,0.2,20.7,16,27,NA,128,15.3,1019.6,1,2021
"2021-01-02",5.7,9.3,1.7,21.9,18,28,NA,124,13.6,1019.8,1,2021
"2021-01-03",8,14,3.9,20.3,16,27.2,NA,124,16.4,1018.8,1,2021
"2021-01-04",8.5,19.3,2.4,21,15,28,NA,125,13.2,1017.3,1,2021
"2021-01-05",10.8,21.3,5.7,21.6,16,29,NA,86,8.5,1017.3,1,2021
"2021-01-06",11.4,26.5,3.4,22.4,17.8,29.1,NA,101,10,1017.7,1,2021
"2021-01-07",20.5,32.2,13.3,23.4,18,30.4,NA,90,10.8,1016.2,1,2021
"2021-01-08",18.8,32.1,8.4,23.6,17,31,NA,110,9.8,1014.1,1,2021
"2021-01-09",17.4,26.1,9.2,21.6,19,30,NA,108,9.7,1013.7,1,2021
"2021-01-10",15.1,25.6,8.3,23,18,30,NA,92,10.8,1014.9,1,2021
"2021-01-11",17.7,33.9,7.6,22.7,17,30,NA,119,9,1016.9,1,2021
"2021-01-12",17.4,31.7,9.5,23.7,15.6,31.4,NA,103,8,1017.7,1,2021
"2021-01-13",10.8,19.9,5,24.1,19,31.6,NA,211,9.5,1017,1,2021
"2021-01-14",12.3,38.5,6.4,23.7,19,31.6,NA,24,8.2,1016.2,1,2021
"2021-01-15",12.9,31.3,1.4,23.3,18,30,19.1,86,9.1,1016.1,1,2021
"2021-01-16",10.6,21.9,3.8,23.6,19,30,0,92,8.3,1016,1,2021
"2021-01-17",12.8,30.5,5,24.8,17.8,32.2,2,81,9.5,1015.4,1,2021
"2021-01-18",12.2,20.1,6.3,24.8,20,33,0,160,11,1014.7,1,2021
"2021-01-19",13.2,21.4,6.7,23.7,18,32,0,141,14,1014.5,1,2021
"2021-01-20",7.8,15.3,2,20.7,19,29.6,9.9,141,16.6,1015.5,1,2021
"2021-01-21",7.5,28.8,0,22.8,20,27.5,4.1,67,15.5,1017.3,1,2021
"2021-01-22",15.1,33.5,5.1,23.3,18.8,37.9,5.1,81,10.4,1019.1,1,2021
"2021-01-23",10.8,24.5,4.3,23.6,19,30,0,110,15.1,1018.8,1,2021
"2021-01-24",15.5,32.3,5.8,21.3,17,31.3,NA,71,7.7,1018.5,1,2021
"2021-01-25",17.2,35.2,6.8,21.1,16,31.6,NA,290,6.5,1018.5,1,2021
"2021-01-26",21.1,65.2,5.2,21.1,17,29.1,25.9,30,7.3,1017.8,1,2021
"2021-01-27",17.2,49,2.4,22.2,17,29,19.3,58,6.7,1016.4,1,2021
"2021-01-28",11.1,30.3,3.3,22.9,19,31,NA,124,7.9,1017.1,1,2021
"2021-01-29",13.2,25,4.1,21.1,18,30,NA,57,9.3,1018.3,1,2021
"2021-01-30",10.4,28.5,2.8,21.2,16,28.5,NA,78,9.3,1019,1,2021
"2021-01-31",7.4,19,0.9,21.8,17,28,NA,81,9.7,1019,1,2021
"2021-02-01",8,20.7,0.8,23.4,18.8,29,NA,119,11.9,1020.8,2,2021
"2021-02-02",10.3,28.4,4.1,23.6,19,30,NA,126,14,1020.4,2,2021
"2021-02-03",10.2,17,4.1,22.8,16.4,29.7,NA,122,14.7,1019.5,2,2021
"2021-02-04",9.8,22.1,2.8,21.6,17,28.8,15,119,11.5,1019.3,2,2021
"2021-02-05",8.8,27.9,0.4,22.3,18,29.4,16,101,9.9,1018.5,2,2021
"2021-02-06",5.9,14.7,1.5,21.8,17.8,29.4,0,4,7.6,1016.3,2,2021
"2021-02-07",7.8,21.5,0.9,21.3,17.8,28,3,352,6.1,1015.3,2,2021
"2021-02-08",9.2,25.6,3.1,22.2,18.9,29,0.8,74,10.2,1016.6,2,2021
"2021-02-09",7,14.8,2.9,20.2,18,26,0,79,9.9,1017.6,2,2021
"2021-02-10",6.2,16.2,1.3,20.4,18,26,85.1,83,10.5,1017.3,2,2021
"2021-02-11",7.4,15.2,2.4,19.7,16,24,NA,81,11.4,1017,2,2021
"2021-02-12",8.6,24.1,2.1,20.5,16,26,NA,105,14.1,1017.4,2,2021
"2021-02-13",6.2,12.7,0.6,20.7,18,25,0,111,14,1018.2,2,2021
"2021-02-14",8,15.7,0.3,19,17,24.8,9.9,115,8.2,1018.3,2,2021
"2021-02-15",7.2,18.2,0,20.3,16.5,25.3,20.1,55,6.6,1016.6,2,2021
"2021-02-16",6.1,12.2,0.3,20.3,16.2,26,25.9,3,8.5,1015.5,2,2021
"2021-02-17",11.8,24.2,0.7,22.3,18,28,7.9,318,8.1,1017.2,2,2021
"2021-02-18",23.4,54.4,11.6,23.1,17.7,32,0,NA,6.3,1018.2,2,2021
"2021-02-19",16.6,31.2,7.4,23.9,18.8,31.6,2,123,10.2,1018.6,2,2021
"2021-02-20",13.6,36.3,5.9,23.9,19,30,NA,102,9.2,1017.9,2,2021
"2021-02-21",9.9,21.5,4.5,20.3,18,28,NA,107,12.9,1018.4,2,2021
"2021-02-22",8.8,24.1,3.1,21,18,28,NA,139,15,1018.9,2,2021
"2021-02-23",8.1,18.2,3.3,20.8,16.9,27.3,0,119,16.2,1018.3,2,2021
"2021-02-24",7.5,16.2,2.8,21.2,17.8,26,0.3,121,15.6,1017.5,2,2021
"2021-02-25",8.6,19.4,1.7,21.8,18,27,0,109,13,1016.6,2,2021
"2021-02-26",11.4,26.3,3.5,21.6,17,27,NA,95,11.3,1015.8,2,2021
"2021-02-27",6.2,10.5,2.8,22.1,19,29,NA,86,10.9,1014.9,2,2021
"2021-02-28",7.1,19.1,2.8,22.6,18.4,28,NA,111,13.1,1015.3,2,2021
"2021-03-01",7.2,19.9,0.5,21.9,18,26.8,NA,122,15.3,1016.7,3,2021
"2021-03-02",7.8,15.2,3.8,21.3,17,27.3,NA,111,14.9,1017.4,3,2021
"2021-03-03",8.1,19.8,1.8,22,16,28.1,NA,100,11.6,1016.3,3,2021
"2021-03-04",6.6,11.3,3.3,19.6,18,23,35.1,15,10,1014.9,3,2021
"2021-03-05",8.6,18.1,3,19.7,18,25,10.9,1,8.2,1014,3,2021
"2021-03-06",2.3,8.1,0,21.3,18,27,37.1,304,16.1,1012.6,3,2021
"2021-03-07",6.1,24.1,0,21.8,16.6,28.1,0,282,12,1014.1,3,2021
"2021-03-08",9.4,19.1,3.4,22.3,18.4,28.1,NA,64,9.2,1015,3,2021
"2021-03-09",8.7,16.9,0,22.1,17.7,29,NA,123,9.8,1017.3,3,2021
"2021-03-10",9.8,17.8,0.9,21.5,17.2,28.2,NA,106,12.2,1018.3,3,2021
"2021-03-11",8.3,20.2,2.4,21.4,18,27,NA,124,14.2,1018.5,3,2021
"2021-03-12",8.2,14.9,1.9,21,18,26,NA,122,13.3,1018.6,3,2021
"2021-03-13",9.6,20.1,2.6,19.5,15,25.5,NA,131,13.7,1019,3,2021
"2021-03-14",10.1,18.8,4.3,20.4,15,27.5,NA,136,14.5,1018.4,3,2021
"2021-03-15",8.1,17.2,0.6,21.3,18,27.3,NA,129,13.3,1017.8,3,2021
"2021-03-16",11,25.6,3.5,21.3,17,27,NA,115,13.4,1017.3,3,2021
"2021-03-17",7.7,17.2,0.9,21.5,18,27.3,NA,121,10.1,1017.2,3,2021
"2021-03-18",6.8,15.2,0.1,20.7,16,27.3,51.1,104,8.9,1017.5,3,2021
"2021-03-19",9.3,30.8,2,20.7,17.7,27,NA,124,9.5,1016.6,3,2021
"2021-03-20",9.2,21.2,2.5,20.5,17,25,NA,117,11.7,1016.7,3,2021
"2021-03-21",7.4,16.2,3.3,20.7,16,26,NA,116,13.5,1016.9,3,2021
"2021-03-22",7.9,18.8,0.9,21,18,26.5,NA,103,11.8,1017,3,2021
"2021-03-23",7.3,23,0.8,21.5,18,27,NA,37,8.2,1018.5,3,2021
"2021-03-24",4.7,13.3,0.6,22.2,19,27.3,NA,313,9.3,1016.2,3,2021
"2021-03-25",9.1,25.4,0,21.5,18,27,NA,60,7,1014.4,3,2021
"2021-03-26",7.9,24.9,2,21.7,17.9,29,NA,324,8.4,1014.7,3,2021
"2021-03-27",6.5,15,1,22.1,18.2,28.2,NA,316,10.3,1014.8,3,2021
"2021-03-28",11.2,24.1,3.9,21.5,16,28.2,NA,291,10.5,1014.4,3,2021
"2021-03-29",17.8,46.5,5.9,22.1,17,29,NA,294,7.8,NA,3,2021
"2021-03-30",13.7,24.2,6,21.7,17.9,27.5,NA,68,7.5,1013.5,3,2021
"2021-03-31",10.4,29.4,2.8,20.9,18,27.5,NA,113,12.1,1015.6,3,2021
"2021-04-01",12.2,54.7,3.1,20.3,18,27.4,NA,134,15.5,NA,4,2021
"2021-04-02",9.8,16.6,4.9,19.6,15,24,NA,133,15.7,NA,4,2021
"2021-04-03",14.1,29.8,3.4,19.8,13,27.6,NA,113,9.2,NA,4,2021
"2021-04-04",10.9,23.2,2.2,21,17,28,NA,87,7.2,1017,4,2021
"2021-04-05",6.4,16.5,1.2,21.4,16,28,NA,293,9.8,1015.2,4,2021
"2021-04-06",16.2,39.6,5.3,21.8,15,30,NA,326,7.7,1016.2,4,2021
"2021-04-07",9.8,22.2,3.5,20.3,18,29.7,NA,135,15.5,1020.1,4,2021
"2021-04-08",9.9,19.8,0.1,19.9,17.4,26,NA,138,13.1,1021.5,4,2021
"2021-04-09",13.7,38.2,6.4,20.3,14.4,26.2,NA,115,11.1,1019.1,4,2021
"2021-04-10",14.5,31.5,5.5,20.4,15.9,26.2,NA,116,11.3,1019.5,4,2021
"2021-04-11",14.4,24,7.3,19.6,16,25.8,NA,128,11.9,1021.6,4,2021
"2021-04-12",13.4,30.5,5.4,20.2,16,26,NA,138,11.8,1022.5,4,2021
"2021-04-13",12.2,25.3,3.1,19.8,8,25.7,NA,131,13.2,1021.9,4,2021
"2021-04-14",16.1,26.1,6.1,20.5,17,25.4,NA,125,9.4,1020.8,4,2021
"2021-04-15",18.1,32.3,9.8,20,17,27,NA,72,6.5,1019.4,4,2021
"2021-04-16",-32.4,26.7,-999,20,16.7,28,NA,314,8.3,1017.9,4,2021
"2021-04-17",12.4,31.4,4.5,20.3,15,27,NA,102,11.7,1019,4,2021
"2021-04-18",6.5,14.1,2.1,17.3,15,27.1,0,140,16.3,1023.5,4,2021
"2021-04-19",8.5,16.9,2.3,17.4,15,21.9,NA,140,13.4,1023.3,4,2021
"2021-04-20",9.6,19.2,3.2,18.9,15.8,23.1,0,131,13.4,1022.2,4,2021
"2021-04-21",7.4,14.8,2.2,18.8,15,24,NA,134,12.5,1022.1,4,2021
"2021-04-22",-119.9,7.8,-999,18.6,14,24,NA,129,11.2,1021.8,4,2021
"2021-04-23",-146.9,19.4,-999,19.3,16,25.2,NA,118,14.5,1021.2,4,2021
"2021-04-24",8,18.4,3.4,19.3,16,25.2,NA,140,15.3,1021.2,4,2021
"2021-04-25",9.2,19.6,1.8,19.4,17,24.3,NA,135,11.6,1021.7,4,2021
"2021-04-26",10.8,29.2,1.7,19.8,17,25,NA,135,14.8,1021.2,4,2021
"2021-04-27",10.8,23.5,1.2,18.5,16,25.7,1,135,12.8,1021,4,2021
"2021-04-28",12.3,23.7,4.3,19.2,16,24,NA,128,12.4,1021.8,4,2021
"2021-04-29",11,20.4,4.8,19.3,16,23,NA,143,13.6,1021.8,4,2021
"2021-04-30",10.1,17.2,4.4,19,17,25,NA,140,11.5,1020.9,4,2021
"2021-05-03",-102.2,43.1,-999,19.7,15,25,NA,347,4.7,1017.2,5,2021
"2021-05-04",24.8,54.5,7.9,20,15.5,27,NA,300,8.5,1017.1,5,2021
"2021-05-05",25,46.7,7.4,19.8,12,28,NA,324,8.8,1017,5,2021
"2021-05-06",20.7,59,7.2,20.3,14,28,NA,4,6.7,1018.3,5,2021
"2021-05-07",14.1,32.8,5.1,20.6,16,27.4,NA,87,10.2,1019.1,5,2021
"2021-05-08",8.2,15,3.6,18.9,16,27.4,NA,102,11.3,1018.3,5,2021
"2021-05-09",9.6,18.8,3.1,19.4,15,26,NA,84,7.8,1017.9,5,2021
"2021-05-10",11.9,29.3,3,18.8,15,26,6.1,326,8.5,1017.8,5,2021
"2021-05-11",20,49.1,9.6,18.7,14,24,NA,117,10.8,1020.3,5,2021
"2021-05-12",14,27.5,6.9,18.5,14.6,24,NA,128,11.4,1022.9,5,2021
"2021-05-13",17.8,37.8,7.3,17.7,12,24.5,NA,123,11.4,1023.5,5,2021
"2021-05-14",16.1,34.8,7,18.2,15,24.5,NA,139,13.4,1023.6,5,2021
"2021-05-15",11.8,23.1,4.5,17.9,13,23,NA,123,14,1022.9,5,2021
"2021-05-16",14.9,33.8,4.9,16.2,10,23,NA,89,8.7,1021.8,5,2021
"2021-05-17",21.8,42.6,8.9,17,11,25,NA,104,7.4,1021.4,5,2021
"2021-05-18",30.1,86.2,13,16.8,11,24.5,NA,111,8.2,1022.1,5,2021
"2021-05-19",20.7,53.2,8.5,15.2,12,24.5,NA,138,12.4,1022.9,5,2021
"2021-05-20",12.1,23.2,6.6,15,12,19.5,NA,144,15.1,1024.1,5,2021
"2021-05-21",16.8,50,4.6,13.5,10,19.5,NA,163,11.7,1024.4,5,2021
"2021-05-22",10.3,22,3.1,15.1,10,21.3,NA,143,11.8,1022.8,5,2021
"2021-05-23",11.1,16.4,6,15.3,8,23,NA,154,8.7,1021.9,5,2021
"2021-05-24",9.5,19.3,1.1,16.5,14,23,NA,108,10.5,1022.1,5,2021
"2021-05-25",16.9,38.3,2.7,16.8,11,24,NA,102,7.2,1022.6,5,2021
"2021-05-26",30.2,98.6,8.5,16.9,12,23,NA,124,6.4,1022.3,5,2021
"2021-05-27",28.7,66.7,13.1,16,11,23,NA,97,6.7,1022.5,5,2021
"2021-05-28",39.7,89.2,16.6,16,11,25,NA,45,5.5,1022.7,5,2021
"2021-05-29",38.6,85.9,19.2,16.8,9,25,NA,62,6.2,1022.7,5,2021
"2021-05-30",29.9,66.4,3.3,18.8,11.6,27.2,NA,47,7.4,1023.3,5,2021
"2021-05-31",19.6,35.1,7.7,19.1,12.6,27.2,NA,84,7,1022.8,5,2021
"2021-06-01",19.7,47.9,10.9,16.4,14,26.3,NA,103,9.6,1022.7,6,2021
"2021-06-02",16.4,27,10,16.2,12,23,NA,101,11.5,1023.2,6,2021
"2021-06-03",25.2,59.5,9.1,16,10,24,NA,87,7.7,1023.2,6,2021
"2021-06-04",-66.6,27.6,-999,17.4,13,26,NA,127,6.6,1022.8,6,2021
"2021-06-05",25.5,46.9,12.5,17.4,12,26,NA,290,7.1,1021.2,6,2021
"2021-06-06",24.8,48.4,9.2,15.4,11,24.5,NA,112,14.2,1023.4,6,2021
"2021-06-07",12.4,25.4,5.6,14.2,11.3,20.4,NA,148,14.3,1025.9,6,2021
"2021-06-08",10.5,15.8,2.5,14.5,11,21,NA,143,15.6,1025.8,6,2021
"2021-06-09",16.3,39.2,5.4,13.8,9.8,18.6,NA,147,13.8,1024.5,6,2021
"2021-06-10",14.8,31.3,6.6,13.9,10,20,NA,144,11,1023.2,6,2021
"2021-06-11",17,30.1,5.9,14.7,10,20,NA,129,11.8,1022.5,6,2021
"2021-06-12",18.7,41.9,9.6,17,12,23,NA,139,11.5,1022.6,6,2021
"2021-06-13",16.2,41.7,6.2,16.6,15,22.7,0.5,141,7.6,1021.7,6,2021
"2021-06-14",16.7,32.9,3.8,14.9,12,20.3,14,150,8.9,1021.1,6,2021
"2021-06-15",25.4,76.1,9.8,15.4,11,24,NA,102,8,1021.7,6,2021
"2021-06-16",16,31.4,7.7,14.6,10,23.2,0,133,12.1,1024.1,6,2021
"2021-06-17",25.3,45.5,11.5,12.2,8.1,19.3,NA,118,7.5,1024.8,6,2021
"2021-06-18",25.8,50.9,7.9,14.3,7,24,NA,133,6.9,1025.5,6,2021
"2021-06-19",22.3,49.1,11.7,14.7,9,23.5,NA,129,11,1026.8,6,2021
"2021-06-20",11.9,16.4,7.1,14.9,11,22,0.3,147,14.6,1027.4,6,2021
"2021-06-21",13.9,28.4,5,13.3,10,20.6,0,142,14.5,1027,6,2021
"2021-06-22",13.6,22.4,4.8,13.3,10.2,24,NA,130,12.4,1025.6,6,2021
"2021-06-23",21,66.9,7.7,12.7,8,18,NA,125,10.9,1025,6,2021
"2021-06-24",29.2,92.7,6.2,13.4,7,22,NA,116,10.1,1024.8,6,2021
"2021-06-25",30.7,60.1,6.6,12.6,7,21.2,NA,87,6.8,1023.3,6,2021
"2021-06-26",27.7,64.8,4.4,14.4,10,22,NA,91,5.9,1022,6,2021
"2021-06-27",20,46.7,8.2,14.7,10.2,22.1,NA,122,9.6,1023.3,6,2021
"2021-06-28",28.6,87.4,8.4,14.1,6,23,NA,95,6.7,1024.7,6,2021
"2021-06-29",24.8,46.6,11.7,15.1,10,24,NA,142,8.7,1025.2,6,2021
"2021-06-30",18.6,30.3,9.1,14.7,9.8,23.3,NA,103,11.6,1025.5,6,2021
"2021-07-01",23.8,54.8,9.7,14.7,8,22,NA,112,10.7,1025.2,7,2021
"2021-07-02",16.2,31.7,5.8,15.8,10,21.2,NA,124,13,1024.5,7,2021
"2021-07-03",19.2,35.5,11.6,14.6,11,21.2,NA,139,11.8,1024.8,7,2021
"2021-07-04",20.7,46.3,8.8,14.6,7,24,NA,102,9.7,1025.1,7,2021
"2021-07-05",23,57.5,8.8,14,8,23.9,NA,100,9,1024.5,7,2021
"2021-07-06",26.3,66.2,13.2,14.6,9,22.5,NA,117,9.2,1023.5,7,2021
"2021-07-07",13.6,20.9,7,15.2,10,22,NA,124,11.2,1024,7,2021
"2021-07-08",15.7,33.2,7.9,14.8,10,20.5,NA,147,14.6,1025.9,7,2021
"2021-07-09",13.6,23.4,5.6,15.3,12,20.5,NA,140,16.8,1026.8,7,2021
"2021-07-10",13.9,23.3,6,16.1,14,20,NA,144,16.7,1025.9,7,2021
"2021-07-11",14.8,24.4,5.4,15.3,11,21,NA,143,14.9,1026.3,7,2021
"2021-07-12",19,45.9,8.5,15.1,11,22,NA,136,15.1,1026,7,2021
"2021-07-13",16.5,43.7,5.7,13.9,10,21.3,NA,121,14,1025.2,7,2021
"2021-07-14",19.2,40,9.1,14,7,23,NA,119,10.6,1025.2,7,2021
"2021-07-15",20.4,36.6,10.6,14.1,9,21,NA,129,14.6,1024.3,7,2021
"2021-07-16",16.7,37.7,7,14.9,10.8,21,NA,139,13.1,1024.7,7,2021
"2021-07-17",14.5,34.3,5.4,15.4,13,20,NA,137,15.8,1024.4,7,2021
"2021-07-18",12.6,23.8,4.1,15.8,11.6,22,NA,125,13.4,1024.1,7,2021
"2021-07-19",10.9,19.5,3.4,15.8,12.2,21.3,NA,141,15.7,1025,7,2021
"2021-07-20",13.6,24.5,3.8,15.3,13,20.7,NA,142,13.8,1027.6,7,2021
"2021-07-21",18.6,27,8.3,15.7,12,21,NA,140,15.7,1028.5,7,2021
"2021-07-22",24.5,48.1,10.1,13.6,9,20.6,NA,137,11,1026.9,7,2021
"2021-07-23",23.7,43.6,10.5,14.3,8.4,22,NA,128,9.1,1024.5,7,2021
"2021-07-24",25.5,58.4,13.6,14.6,9,21.6,NA,128,11.9,1024.2,7,2021
"2021-07-25",13.3,31.1,2.2,14.2,11.6,20.6,NA,161,19.4,1024.8,7,2021
"2021-07-26",13.6,20.7,3.4,13.4,11,25.2,NA,144,16.8,1025.3,7,2021
"2021-07-27",17.4,30.1,5,14.6,10,22,NA,141,11.1,1024,7,2021
"2021-07-28",20.3,36,7.3,13.8,7.3,21,NA,136,11.6,1023.6,7,2021
"2021-07-29",-37.9,25.2,-999,13.9,10.9,20.9,0,140,15.3,1026,7,2021
"2021-07-30",13.8,22.4,6.5,14.7,12,19,NA,145,14.9,1027.9,7,2021
"2021-07-31",16.5,37.4,5.7,14,9,20,NA,137,16.9,1028.3,7,2021
"2021-08-01",18.8,56.5,6.3,13.9,6,21,NA,131,14.5,1027.1,8,2021
"2021-08-02",18.6,54.3,3.6,14.6,11,20,NA,116,8.5,1024.9,8,2021
"2021-08-03",57,151.3,16.7,15.3,7,24,NA,101,9.4,1025.4,8,2021
"2021-08-04",15.7,30.7,8.8,14.7,12,23.7,0.8,133,12.7,1028,8,2021
"2021-08-05",15.8,32.6,5.8,14.1,10,21,NA,138,11.9,1027.5,8,2021
"2021-08-06",17,45,5.4,14.5,7.3,22,NA,130,13,1025.1,8,2021
"2021-08-07",-193.2,74.8,-999,15,7,24,NA,101,7.9,1022.8,8,2021
"2021-08-08",28.7,61,9.8,15.7,10,24,NA,96,7.3,1022.1,8,2021
"2021-08-09",35,69.8,18.2,15.4,9,24,NA,148,7,1022.3,8,2021
"2021-08-10",42.1,97.3,20.9,15.5,10,24,NA,114,6.6,1022.3,8,2021
"2021-08-11",18.2,31.7,12.9,15.1,12,23.8,NA,114,12.7,1023,8,2021
"2021-08-12",32.2,92.8,9.5,16.1,7,27,NA,48,7.4,1023.7,8,2021
"2021-08-13",27.7,78.7,10.8,18.3,11.6,26.5,NA,96,6,1024.7,8,2021
"2021-08-14",26.8,44,14.1,16.6,14,26.5,NA,147,15.8,1025.8,8,2021
"2021-08-15",15,21.8,5,14.4,10,20,NA,127,16.2,1024.8,8,2021
"2021-08-16",17.8,31.4,9.5,13.7,8,25.5,NA,131,16.1,1025.8,8,2021
"2021-08-17",-29,26.6,-999,14.3,11,20,NA,142,16.7,1026.3,8,2021
"2021-08-18",11.3,22.1,7.3,14.4,11,21,NA,122,12.9,1024.4,8,2021
"2021-08-19",-146.7,32.5,-999,17.2,9,27,NA,100,9.4,1022.2,8,2021
"2021-08-20",17,22.4,5.8,19.8,14.5,28.8,NA,97,9.9,1021.6,8,2021
"2021-08-21",24.7,53,11.1,19.1,13.8,28.9,NA,105,13.5,1022.6,8,2021
"2021-08-23",-68.2,33.3,-999,16.5,9,27,NA,93,11.2,1022.2,8,2021
"2021-08-24",23,40.4,14.5,17.3,13,26,NA,104,12.7,1022.8,8,2021
"2021-08-25",32.5,46.8,17.1,17.8,12,27,NA,91,10.3,1022.5,8,2021
"2021-08-26",-144.3,31.8,-999,15.9,9.7,25,NA,122,13.8,1022.3,8,2021
"2021-08-27",18.9,31.6,11,15.7,12,22.8,NA,142,18.3,1023.2,8,2021
"2021-08-28",10,12.5,8.6,15.4,10,21.5,NA,155,16.8,1022,8,2021
"2021-08-30",-157.8,12.5,-999,19.4,15.6,25.7,0.5,121,15.5,1019.5,8,2021
"2021-08-31",11.2,19.8,1.3,18.9,15,25,NA,102,13.5,1021.4,8,2021
"2021-09-01",27.9,64.7,6.1,18.9,13,27,NA,103,14,1023,9,2021
"2021-09-02",27.5,54.3,15.2,16.1,9,24,NA,112,15.5,1023.8,9,2021
"2021-09-03",16.1,33.1,8.7,16,11,23.3,NA,130,16.7,1024,9,2021
"2021-09-04",16.6,23.3,8.5,15.7,11.5,22.5,NA,135,17.7,1025,9,2021
"2021-09-05",16,23.8,6.5,14.9,10,21.5,NA,143,16,1025.3,9,2021
"2021-09-06",13,25.3,4.9,15.2,11.8,22,NA,127,16.2,1025.3,9,2021
"2021-09-07",10.2,18.4,5.2,16.1,12,22,NA,126,16.5,1024.8,9,2021
"2021-09-08",16.8,41.2,6.1,16.6,10,24,NA,112,13.4,1023.9,9,2021
"2021-09-09",26,66.5,12.6,16.8,9.8,26,NA,102,11.1,1023.4,9,2021
"2021-09-10",22.8,42.6,12.7,16.3,11.5,25.7,NA,117,15.9,1026.1,9,2021
"2021-09-11",17,29.9,5.4,15.4,12,25.7,NA,144,19.5,1026.9,9,2021
"2021-09-12",12.6,27.6,1.2,15,13,19,NA,139,19.1,1025.9,9,2021
"2021-09-13",11.2,21.1,5.8,16.1,12,23,NA,127,16.4,1025.1,9,2021
"2021-09-14",12.8,29.9,5.6,16.1,10.7,23,NA,120,15.1,1024.2,9,2021
"2021-09-15",18.8,36.9,10.8,17.4,9.8,26,NA,104,13.3,1022.6,9,2021
"2021-09-16",17.4,33.5,7.2,18.7,12.6,27,NA,111,11.2,1020.6,9,2021
"2021-09-17",22,54.8,9.8,19.8,12,29,NA,286,10.2,1017.7,9,2021
"2021-09-18",35.5,77.1,19.2,20.5,13,28.8,NA,277,13.1,1017.6,9,2021
"2021-09-19",10.5,17.9,1.8,15.9,13,28.8,NA,116,19.2,1020.8,9,2021
"2021-09-20",11.9,28.3,4.4,14.7,12,20.2,2,107,14,1023.3,9,2021
"2021-09-21",9.5,16.4,2.8,15.9,12,24,NA,109,14.1,1023.9,9,2021
"2021-09-22",-59.3,25.2,-999,18.3,11,26,NA,89,11.6,1022.3,9,2021
"2021-09-23",19.1,29.4,12.6,18.4,14.6,25.4,0.3,122,14.8,1022.3,9,2021
"2021-09-24",14.4,24.6,8.9,17,12,25.4,0,130,17.5,1024.6,9,2021
"2021-09-25",12.4,18.4,6.3,17.4,12.7,23,NA,131,17.9,1025,9,2021
"2021-09-26",13.1,23.5,4.1,17.5,12,24,NA,132,18.5,1024,9,2021
"2021-09-27",15,36.4,6.5,16.8,10,25,NA,129,16.3,1022.8,9,2021
"2021-09-28",12,32.4,5.3,17.2,12,24,NA,119,17.5,1023.1,9,2021
"2021-09-29",9.4,15.9,3.2,18,14,24,NA,108,18.1,1022.8,9,2021
"2021-09-30",10.1,18.7,4.2,18.4,13,26,NA,108,16.5,1022.2,9,2021
"2021-10-01",14,27.2,5.2,17.1,11.8,25.6,NA,104,16.6,1021.8,10,2021
"2021-10-02",16.6,33.3,8.8,17.2,11,24,NA,104,16.1,1021,10,2021
"2021-10-03",21.4,64,7.5,17.5,9,25,NA,106,14.9,1021,10,2021
"2021-10-04",15.6,32.1,4.4,20.3,15,27,NA,116,11.2,1020.2,10,2021
"2021-10-05",24.7,37.7,15.4,20.9,16,28,NA,121,14.3,1019.8,10,2021
"2021-10-06",24.2,38.9,15.6,20.5,14,29,NA,106,12.9,1018.2,10,2021
"2021-10-07",33.2,50.5,9.6,20.3,14.7,29,NA,94,15,1017.1,10,2021
"2021-10-08",9.2,15.6,3.4,16.3,13.8,28.5,NA,125,21.6,1020.3,10,2021
"2021-10-09",14.5,27.3,3.5,16.6,12,22.4,NA,102,16.7,1021.7,10,2021
"2021-10-10",18.1,35,9.2,18.2,12,25,NA,111,16.1,1022,10,2021
"2021-10-11",28.2,77.1,12.4,19.6,11,27.2,NA,116,14.3,1021.2,10,2021
"2021-10-12",13.7,21.8,8.2,19.2,15,27.2,NA,122,18.1,1021.8,10,2021
"2021-10-13",18.3,44.3,8.4,20.7,14,30,NA,118,12.2,1021.8,10,2021
"2021-10-14",23.3,41,10.2,20.6,15,29,NA,103,14.8,1022.5,10,2021
"2021-10-15",23.8,50.4,7.5,18.6,13,28.7,NA,112,16.5,1022.5,10,2021
"2021-10-16",18.2,42.6,8.3,17.7,9,26,NA,99,17.4,1021.2,10,2021
"2021-10-17",17,33.8,7,18,11,25,NA,112,15.3,1021.4,10,2021
"2021-10-18",17.7,42.9,7.3,18,10,27,NA,103,12.9,1021.7,10,2021
"2021-10-19",28.7,56.7,11.2,20.4,12,30,NA,100,11.1,1021.6,10,2021
"2021-10-20",39.9,83.2,24,20.8,15,29.4,NA,102,15.5,1021.7,10,2021
"2021-10-21",30.1,40.7,16.5,19.9,15,28.1,1,352,10.9,1019.3,10,2021
"2021-10-22",33.1,63.9,11.3,21.9,14,30.4,2,337,11.7,1018.8,10,2021
"2021-10-23",33.6,53.8,10.9,23.3,16,32,NA,29,13.1,1020.1,10,2021
"2021-10-24",38.1,53.2,17.1,23.3,16,33,NA,70,13.1,1022.1,10,2021
"2021-10-25",19.4,37.7,6.9,21.7,17,32.6,19.1,101,16.6,1023.8,10,2021
"2021-10-26",26.8,80.6,11.2,19.9,14,27.8,0,114,16.5,1024.3,10,2021
"2021-10-27",41.3,68.5,23.6,21.1,13,31,NA,93,8.3,1020.8,10,2021
"2021-10-28",36.5,95.8,15.2,22.1,16,32,NA,318,16.1,1016.1,10,2021
"2021-10-29",13.4,21.6,6,17.2,14.8,24,NA,109,15.7,1016.3,10,2021
"2021-10-30",12.6,28.6,3.8,19.6,15,25,NA,67,13.8,1017.3,10,2021
"2021-10-31",17.2,28.2,5.7,21.8,15.9,29,NA,16,11,1019.1,10,2021
"2021-11-01",20.7,35.7,10.8,22.5,16,30.2,NA,3,11.3,1018.5,11,2021
"2021-11-02",34.6,74.1,18.2,22.8,16,31,NA,359,10.2,1018.8,11,2021
"2021-11-03",55,79.6,32.3,22.5,16,32,NA,40,8.9,1019.8,11,2021
"2021-11-04",41.8,81.3,18.9,23.8,17,32,NA,117,6.2,1019.5,11,2021
"2021-11-05",75.4,142.5,37.5,23.1,17,32,NA,114,11.4,1019.3,11,2021
"2021-11-06",34.9,91.1,12.2,21.9,17,28,NA,104,15.7,1019.2,11,2021
"2021-11-07",27.3,55.3,17.7,22.3,18,30,NA,107,15,1019.1,11,2021
"2021-11-08",27.6,74.3,7.4,22.9,17,31,NA,94,14.7,1019.5,11,2021
"2021-11-09",42,49.7,36.3,23.2,15,32,NA,108,11,1020.7,11,2021
"2021-11-16",-82.1,65.4,-999,22.3,16,31.2,NA,109,13,1018.5,11,2021
"2021-11-17",61.3,91.2,26.7,22.8,16,31,NA,116,10.9,1019.3,11,2021
"2021-11-18",61.7,97.8,27.6,20.7,12.6,30.7,NA,104,15.6,1020.8,11,2021
"2021-11-19",49.4,83.5,18.1,20.6,12,30,NA,104,11.9,1019.1,11,2021
"2021-11-20",51.5,73.4,35.1,21.9,14.4,30,NA,94,10.1,1017,11,2021
"2021-11-21",44,60.8,26.7,23.3,18,30.6,NA,105,11.9,1016.9,11,2021
"2021-11-22",42.9,72.6,16.3,23.3,18,30.7,NA,113,15.9,1018.5,11,2021
"2021-11-23",35.8,57.5,23.1,23.3,17,30.2,NA,3,10.7,1017.8,11,2021
"2021-11-24",19.5,27.3,12.3,24.5,19,32,NA,302,13.6,1015.2,11,2021
"2021-11-25",26.5,44.3,10.6,22.2,18,32.1,0,228,12.9,1017,11,2021
"2021-11-26",13.2,32.5,5.8,20.7,17,29.6,35.1,124,14.5,1019.9,11,2021
"2021-11-27",10.8,21.4,4.2,21.1,17,29,NA,93,8.4,1018.9,11,2021
"2021-11-28",7.7,13.3,2.8,20.4,17.9,29,41.9,116,14.2,1019.5,11,2021
"2021-11-29",7.7,18.2,1.1,21,17,27,NA,105,13.5,1019.7,11,2021
"2021-11-30",10,16.5,4.9,21.9,17,28,NA,102,11.6,1019.4,11,2021
"2021-12-01",18.4,39,4.6,21.5,16,28,NA,104,12.3,1020.5,12,2021
"2021-12-02",14.9,24.6,8.9,19.3,16,28,0,115,17.6,1022,12,2021
"2021-12-03",20.6,43.8,11.3,20.4,14,27,NA,121,15,1022.8,12,2021
"2021-12-04",17.7,40.4,7,21.5,17,27,NA,117,15.2,1023.1,12,2021
"2021-12-05",18.7,44.2,4.9,21.9,15,29,NA,108,12.1,1023,12,2021
"2021-12-06",16.7,28.1,5.7,21.6,15,28,NA,107,16.5,1022.9,12,2021
"2021-12-07",17.3,30.4,8.1,20.6,14,28.2,NA,109,15.1,1022,12,2021
"2021-12-08",19.7,47.1,8,20.4,12,30,NA,112,12.9,1021.6,12,2021
"2021-12-09",17.6,33.2,6.1,21.3,15,28,NA,121,12.8,1021.1,12,2021
"2021-12-10",18.3,32.2,6.3,21.7,14,29,NA,109,12.8,1020.4,12,2021
"2021-12-11",19.6,29.9,11.4,20.6,14,29,NA,108,13.4,1021.3,12,2021
"2021-12-12",12.7,19.1,6.6,21.3,17,27,NA,120,17.4,1022.2,12,2021
"2021-12-13",13.1,22.9,5.7,20.7,15,28,NA,114,16.8,1021.3,12,2021
"2021-12-14",12.1,20.1,7.4,21.4,16,28,NA,122,16.8,1019.8,12,2021
"2021-12-15",16.5,32.6,6.6,21.5,15,29,NA,115,15.6,1019.6,12,2021
"2021-12-16",12.1,17.9,5.3,20.9,15,29,NA,110,16.2,1020.6,12,2021
"2021-12-17",16.1,29.5,6.3,22,15,31,NA,173,9.4,1019.2,12,2021
"2021-12-18",11.4,22.9,4.6,22.6,17,31,NA,285,10.4,1017.7,12,2021
"2021-12-19",11.9,22.4,5.5,24.1,18,32,NA,280,12.8,1017.3,12,2021
"2021-12-20",9.9,17.5,4.7,22.3,18,31,0,73,10.5,1018.8,12,2021
"2021-12-21",9.5,18.5,2,21.7,18,29.7,NA,53,8.5,1019.7,12,2021
"2021-12-22",9,25.2,3.8,22.5,18,29.7,NA,2,10.3,1018.3,12,2021
"2021-12-23",11.6,41.4,3.5,23.9,18,30.2,0,306,14.8,1018.2,12,2021
"2021-12-24",16.1,37.2,4.2,23.8,17,32,NA,324,9.2,1017.9,12,2021
"2021-12-25",15.6,43.5,1.9,25,19,33,NA,300,8.1,1019,12,2021
"2021-12-26",12.5,32.2,3.5,22.1,17,32.8,NA,80,9,1019.9,12,2021
"2021-12-27",11,27.9,0.8,22.2,18,30.8,NA,113,8.1,1019.3,12,2021
"2021-12-28",11.9,27.8,4.3,21.3,19,29,67.1,188,7.1,1019.2,12,2021
"2021-12-29",12,22.4,3.7,21.9,18,29,21.1,126,11.2,1018.1,12,2021
"2021-12-30",9.4,18.7,3.3,22.1,18,29,NA,90,9,1018.2,12,2021
"2021-12-31",12.6,21.6,6.3,22.3,18,28.2,NA,57,7.4,1018.2,12,2021
"2022-01-01",7,16.2,2.5,21.6,17,29,30,347,8.7,1018.1,1,2022
"2022-01-02",7.5,15.7,0,22.3,18,30,NA,265,8.4,1017.1,1,2022
"2022-01-03",12.8,46.8,5.7,22.2,18.9,29,NA,100,7.3,1017.1,1,2022
"2022-01-04",19,46.8,7.6,21.2,19,29,0.5,75,8,1018.1,1,2022
"2022-01-05",18.8,33.2,8.9,21,18,27,NA,58,7.5,1019.3,1,2022
"2022-01-06",8.4,35.9,0.2,20.7,17.9,27,33,317,9.1,1017.4,1,2022
"2022-01-07",11.4,20.9,3.4,22,17.8,29,NA,157,9.9,1017.6,1,2022
"2022-01-08",7.5,7.5,7.5,22.1,18,28,NA,125,14.4,1018,1,2022
"2022-01-10",-47.4,20.4,-999,20.2,17,28,NA,139,10.1,1016.8,1,2022
"2022-01-11",11.2,25.6,5.1,21.6,17,29,NA,146,8,1017,1,2022
"2022-01-12",5.3,12.2,0,20.7,17.5,28.6,37.1,309,9.4,1017.9,1,2022
"2022-01-13",4.5,9.3,0,21.3,17.5,27.8,41.9,285,8.9,1014.2,1,2022
"2022-01-14",8.5,18.9,2.6,21.4,17.3,27.7,0,294,9.4,1015.3,1,2022
"2022-01-15",5.4,10.4,1,20.9,18,27,NA,314,7.2,1014.4,1,2022
"2022-01-16",7.7,23.3,1.1,20.7,17,26.1,41.9,331,6.2,1014.3,1,2022
"2022-01-17",6.1,18.8,0,22.2,18,28.3,NA,339,9.8,1014.7,1,2022
"2022-01-18",6.7,14.4,1.6,19.4,16.8,26.3,68.1,336,11.3,1015.9,1,2022
"2022-01-19",7,17.6,3.4,19.6,17.7,26.3,50,356,9,1015.4,1,2022
"2022-01-20",9.1,17.1,3.7,18.9,17,22.3,13,138,12.5,1013.4,1,2022
"2022-01-21",10,18.7,1.1,19.7,16,24,NA,145,11.4,1014.7,1,2022
"2022-01-22",8.5,15.2,2.9,19.2,18,23.5,0.8,174,11.9,1014.2,1,2022
"2022-01-23",4.3,6.8,1.7,20.5,18.7,24,NA,111,24.5,1013.9,1,2022
"2022-01-24",8,18,0,19.7,18.9,24,33,119,18.8,1017.2,1,2022
"2022-01-25",12.8,23,4.7,18.8,17,21,NA,150,9.8,1019.4,1,2022
"2022-01-26",8.9,15.3,3.6,19.6,16,27,NA,140,12.7,1019,1,2022
"2022-01-27",11.2,26.2,4.7,20,14,26,NA,123,12.2,1017.7,1,2022
"2022-01-28",11.9,18.3,5.6,21.4,15.9,28,NA,116,12.4,1016.7,1,2022
"2022-01-29",18.1,31.8,10.3,22.1,16,30,NA,98,9.2,1017.6,1,2022
"2022-01-30",36.2,49.3,21,22.4,16.5,30,NA,121,12.5,1017.4,1,2022
"2022-01-31",21,47,5.6,21.3,15,28,NA,135,14.8,1017.1,1,2022
"2022-02-01",11,16.2,6.6,21,12,28,NA,136,16.5,1016.6,2,2022
"2022-02-02",-77.1,13.2,-999,21.2,15,27,NA,142,14.1,1016.6,2,2022
"2022-02-03",-114.5,22.5,-999,22.5,16,30,NA,168,9.1,1015.7,2,2022
"2022-02-04",5.8,15.3,0,23,19,28.2,NA,195,15,1012.4,2,2022
"2022-02-05",0.3,2.7,0,20.4,18.9,28.2,1,277,22.5,1006.5,2,2022
"2022-02-06",-248.7,7.8,-999,20.7,18.9,26,7.1,336,21.9,1009.5,2,2022
"2022-02-07",3.9,14,0,21.9,19,27,7.9,338,14.1,1015.5,2,2022
"2022-02-08",6.8,22.8,0.4,22.5,18,29,NA,320,8.5,1015.9,2,2022
"2022-02-09",8.7,17.7,2.9,22.4,19,30,NA,340,10.7,1015.3,2,2022
"2022-02-10",11.8,38.5,4.4,23.1,17.9,29.3,NA,97,11.3,1015.3,2,2022
"2022-02-11",-79.4,12.2,-999,22.7,18.3,29.3,NA,123,14.5,1015.8,2,2022
"2022-02-12",7.1,14,3.6,21.3,17,28,NA,134,14.7,1016.1,2,2022
"2022-02-13",10.4,21.2,3,20.8,15,29,NA,132,7.9,1015.4,2,2022
"2022-02-14",8.1,18.8,2.1,21.7,17,28.4,NA,127,13.7,1015.7,2,2022
"2022-02-15",8.1,20.7,2,20.7,17.8,27.4,NA,155,14.3,1016.8,2,2022
"2022-02-16",6.8,11.9,1.4,20.4,17,26.4,22.1,138,20.6,1016.8,2,2022
"2022-02-17",6.8,12,3,21.1,17,26,NA,133,17.5,1016.2,2,2022
"2022-02-18",7.6,20.9,2.2,20.9,16,27,NA,140,15.3,1015.5,2,2022
"2022-02-19",7.2,22.8,2.8,20.4,15,27,NA,142,12.8,1015.9,2,2022
"2022-02-20",8,14.7,1.7,21.6,15,29,NA,152,12.2,1015.2,2,2022
"2022-02-21",-77.9,24.7,-999,21.3,17,28.5,NA,178,16.1,1011.8,2,2022
"2022-02-22",2.2,7.2,0,19.8,17,27.3,1,277,21.3,1006.2,2,2022
"2022-02-23",2.6,9.3,0,20.5,18,26.3,8.9,317,18,1011.5,2,2022
"2022-02-24",4.2,12.5,0,19.9,18,27.7,7.1,326,9,1015.7,2,2022
"2022-02-25",2.2,5.5,0,21.3,18,28,NA,304,9.7,1016.2,2,2022
"2022-02-26",8.7,30.7,0,21.8,18,26.2,18,9,8.8,1015.8,2,2022
"2022-02-27",3,7.1,0,21.6,18.9,27,NA,86,10.6,1015.5,2,2022
"2022-02-28",-79.3,16.6,-999,21.2,18,28,NA,90,9.8,1015.5,2,2022
"2022-03-01",-78.8,13.3,-999,20.9,17,29,NA,6,7.9,1014.8,3,2022
"2022-03-02",10.9,40.3,0,21.5,17,29,NA,19,7.6,1014.1,3,2022
"2022-03-03",7.3,22.2,0,21.9,19,30,NA,44,7.3,1015,3,2022
"2022-03-04",7.7,15.3,2.7,22.3,18.8,28.6,5.1,126,12.7,1016.1,3,2022
"2022-03-05",8.2,22.3,2,22.2,17,27,NA,138,14.3,1017,3,2022
"2022-03-06",-80.7,7.9,-999,21.8,18,28,NA,147,17.1,1016.3,3,2022
"2022-03-07",4.7,12,0,21.2,17,27,0,147,16.9,1016.2,3,2022
"2022-03-08",4.3,12.1,0.1,21.2,18,26.6,NA,160,17.2,1015,3,2022
"2022-03-09",3.1,9.1,0,22.3,18.5,28,NA,121,15.9,1015.3,3,2022
"2022-03-10",4.9,11,0,23,19,27.7,NA,109,12.9,1016.6,3,2022
"2022-03-11",6.1,14.4,0,22.2,19,27,NA,106,13.3,1017.1,3,2022
"2022-03-12",6.1,11.7,0.1,20.9,18,27.3,2,142,17.1,1016.6,3,2022
"2022-03-13",5.4,13.9,1.2,20.9,17,26,NA,140,16.1,1016.8,3,2022
"2022-03-14",-78.4,13,-999,21.3,16,28,NA,135,12.4,1017.3,3,2022
"2022-03-15",5.7,13.4,0,21.5,17.6,28,NA,108,9.2,1016.2,3,2022
"2022-03-16",-79.4,14.1,-999,22.6,19,28.2,NA,94,10.5,1015.5,3,2022
"2022-03-17",2.1,6.9,0,23.1,19.6,29,NA,97,14.5,1016.8,3,2022
"2022-03-18",5.9,16.2,0.9,21.4,18,29,NA,128,9.6,1017.4,3,2022
"2022-03-19",13.6,29.4,1.8,20.7,17.7,28,NA,346,7.9,1018.4,3,2022
"2022-03-20",7.4,13.5,4,19.5,17,28.4,6.1,129,17.6,1017.9,3,2022
"2022-03-21",9.7,14.2,3.6,19,17,22,NA,115,14.1,1019.1,3,2022
"2022-03-22",9,15.2,4.1,20.3,15,27,NA,112,14.8,1020.3,3,2022
"2022-03-23",9.5,18.6,3,21.1,17,27,NA,107,12,1020.9,3,2022
"2022-03-24",12.8,27.7,4,21.3,17,29,NA,89,10.5,1019,3,2022
"2022-03-25",11.2,21,2.5,22.2,18,31,NA,49,7,1017.2,3,2022
"2022-03-26",14.8,28.7,3.2,22.3,18,29.5,0,62,7.3,1017.1,3,2022
"2022-03-27",12,24.8,5.2,22.7,19,29,6.1,51,7.3,1018,3,2022
"2022-03-28",11.5,24.4,4.7,21.7,18,29,NA,87,7.5,1018.1,3,2022
"2022-03-29",8.6,15.2,3.4,20.7,17.6,25.4,NA,144,15.2,1018.8,3,2022
"2022-03-30",8.7,13.6,3.7,19.3,16,25.7,0,143,18.5,1020.2,3,2022
"2022-03-31",9.4,14.1,3.1,18.4,15,24,0,144,19.8,1020.8,3,2022
"2022-04-01",11.3,19.7,5.5,18.5,15,24,NA,138,15.9,1020.8,4,2022
"2022-04-02",13,21.6,7.1,19.2,14,26,NA,134,12.2,1019.8,4,2022
"2022-04-03",20.3,53,7.7,19.8,13,29,NA,115,6.5,1018,4,2022
"2022-04-04",21.5,49.3,7.4,20.4,15,28.3,11.2,122,7.3,1017.8,4,2022
"2022-04-05",17.3,50.6,4.2,21.1,16.8,28.3,NA,71,8.7,1019,4,2022
"2022-04-06",13.5,32.6,5.6,21.4,17.2,28,NA,101,9.7,1019.1,4,2022
"2022-04-07",9.1,17.2,2.6,21.8,18,28,NA,120,10,1019.8,4,2022
"2022-04-08",14.2,34.1,4.1,22,18,28,NA,118,10.5,1020.2,4,2022
"2022-04-09",11.3,19.2,4.6,20.2,17,27.7,NA,130,15.8,1019,4,2022
"2022-04-10",10.8,17.5,4.5,19.1,16,25.2,NA,143,15.8,1020.5,4,2022
"2022-04-11",10,16.1,4,18.2,14,24.8,NA,145,15.9,1022,4,2022
"2022-04-12",10.9,21.9,4.4,18.7,14.8,24,0,142,17.1,1020.8,4,2022
"2022-04-13",12.9,22.6,4,19.1,15,24,0,140,15.6,1019.6,4,2022
"2022-04-14",11.1,19.6,4.2,19.2,16,23.1,NA,145,14.9,1020,4,2022
"2022-04-15",11.4,20.3,6.1,20.3,17,26,NA,136,15.6,1021.3,4,2022
"2022-04-16",-74,18.9,-999,20.1,18,25.4,0,138,14.1,1020.4,4,2022
"2022-04-17",9.1,17,1.8,20.2,16.2,26,NA,139,12.6,1019.7,4,2022
"2022-04-18",14.2,42.2,4.9,20,15,27,NA,124,10.3,1018.8,4,2022
"2022-04-19",11.8,19.3,5.4,20.6,16,28,NA,99,12.9,1020,4,2022
"2022-04-20",13.3,19.9,7.5,20.5,17,25,NA,143,13.4,1019.6,4,2022
"2022-04-21",11.3,18.2,5,20.6,18.7,25.6,0.3,140,16.3,1019.4,4,2022
"2022-04-22",13.1,53.9,4.1,20.3,17,24,NA,120,13.7,1020,4,2022
"2022-04-23",10.6,20,5.3,20.3,18,26,NA,122,15.8,1019.1,4,2022
"2022-04-24",8.2,12.6,3.8,18.9,16,25.7,0,125,16.6,1020.3,4,2022
"2022-04-25",13.1,29.3,6.7,18,14,23.5,0,122,14.5,1019.7,4,2022
"2022-04-26",15.8,40.4,4.7,19.1,13.7,25,NA,96,9.5,1018.2,4,2022
"2022-04-27",9.8,18.5,5.9,21,16.5,27,NA,292,11.8,1015.9,4,2022
"2022-04-28",11.5,17.3,6.1,18.9,16,27,NA,132,12.6,1017.5,4,2022
"2022-04-29",13.9,36.7,7.6,18,14,24,NA,129,14.1,1019.6,4,2022
"2022-04-30",17.2,41.2,6.4,20,15,27,NA,48,8.2,1019.7,4,2022
"2022-05-01",22.7,39.6,10,20.5,15,28,NA,313,7.6,1020.3,5,2022
"2022-05-02",16.1,32.1,7.4,19.9,17,27.7,NA,137,12.3,1020.4,5,2022
"2022-05-03",14.6,28,7.4,19.1,15.5,25,NA,123,13.6,1022.1,5,2022
"2022-05-04",11.6,20.4,3,18.1,16,25,NA,134,16.3,1024.1,5,2022
"2022-05-05",12.7,23,4.3,17.6,13.5,23,NA,135,14.4,1023.7,5,2022
"2022-05-06",18.5,33.7,7.4,18,14,23,NA,126,11.8,1021.9,5,2022
"2022-05-07",14.5,31.5,5.9,19.3,17,23.5,NA,129,8.5,1020.8,5,2022
"2022-05-08",12.3,26,3.2,20.5,17,27,NA,75,7.9,1020.4,5,2022
"2022-05-09",15,53.4,5,21,17,28.2,NA,345,6.5,1018.8,5,2022
"2022-05-10",16.2,36.7,10.1,18.5,12,26,NA,305,12.4,1017.7,5,2022
"2022-05-11",33.3,99.8,9.2,17.3,8,26,NA,90,8.9,1018.5,5,2022
"2022-05-12",18.3,28.9,11.1,17.8,13,25.8,NA,114,9.6,1021.6,5,2022
"2022-05-13",17.9,30.7,8.4,16.5,11.8,25.8,NA,115,10.5,1022.5,5,2022
"2022-05-14",15.1,20.8,6.6,17.2,12.6,24,NA,116,10.9,1023.2,5,2022
"2022-05-15",17,36.6,6.8,17.6,13,24,NA,115,12.3,1024,5,2022
"2022-05-16",16.4,34.3,6.3,17.9,14,23,NA,138,12.7,1024.6,5,2022
"2022-05-17",11.5,19.2,5.1,16.6,14,23.2,NA,151,18.2,1023.9,5,2022
"2022-05-18",11.6,18.2,4.1,16.8,13,22,NA,145,16.9,1023.7,5,2022
"2022-05-19",14.3,36.2,6.1,16.5,12,21.4,NA,126,13.2,1023.6,5,2022
"2022-05-20",15.9,39.8,2.9,16.8,12,23,NA,138,12.2,1023.8,5,2022
"2022-05-21",13.7,25.6,5,17.6,13,25,NA,124,13.3,1023.6,5,2022
"2022-05-22",19.7,39.2,10.5,16.3,10.7,23,NA,108,10.7,1022.5,5,2022
"2022-05-23",12.8,26.6,6.1,17.7,13,23.1,NA,112,11.8,1020.8,5,2022
"2022-05-24",22.6,63.7,9,16.5,11,24,NA,98,8.8,1020.9,5,2022
"2022-05-25",30.5,68.4,12.6,17.7,11,27,NA,74,6,NA,5,2022
"2022-05-26",40.7,127.3,10.5,18.2,13,27,NA,78,5.6,1021.7,5,2022
"2022-05-27",27.9,50.7,18.4,19.1,13,26.5,NA,116,9.9,1020.8,5,2022
"2022-05-28",17.2,31.6,8.9,17.4,14.3,25.8,0,126,14.2,1022.1,5,2022
"2022-05-29",-47.2,16.7,-999,16.3,13,22,0,134,18.7,1024,5,2022
"2022-05-30",13.3,27.9,2.4,15.4,11,21,0,127,12.4,1024.3,5,2022
"2022-05-31",24,53.6,10.3,14.3,8.2,21,0,120,10,1022,5,2022
"2022-06-01",32,92.2,10.2,14.8,9,23,0,252,6.1,1021,6,2022
"2022-06-02",36.9,74.5,18.3,14.8,7,23,0,131,9.9,1022,6,2022
"2022-06-03",16.1,22.4,11.3,15.6,12.5,22.6,0,149,14.1,1024.5,6,2022
"2022-06-07",-63,20.9,-999,16.5,14,22,0.2,141,15.6,1022.9,6,2022
"2022-06-08",14,24.4,2.9,16.4,12,22,0,129,13.9,1022.2,6,2022
"2022-06-09",14.4,27.1,5.8,15.6,12,21.5,0.3,121,13.8,1022.7,6,2022
"2022-06-10",14.5,31.7,5.1,16.1,12,23,0,121,11.6,1023.5,6,2022
"2022-06-11",19.4,46.1,8,15.3,10,22.4,0.2,120,12.7,1024,6,2022
"2022-06-12",11.4,17.9,6,15.2,11,20,0.4,145,13.9,1024.3,6,2022
"2022-06-13",13.2,31.6,3.1,14.9,10,20,1.3,148,14,1023.5,6,2022
"2022-06-14",13.6,34.4,3.3,16.8,13,23,1.6,142,13.2,1022.6,6,2022
"2022-06-15",14.5,28.8,5.7,16.9,14,22,1.4,116,10.1,1021.9,6,2022
"2022-06-16",17.9,36.8,6.5,17,14,22,0.9,15,7.4,1020.2,6,2022
"2022-06-17",27.7,67.5,11.5,15.8,10,22,0,106,9.8,1019.8,6,2022
"2022-06-18",18.9,28.7,10.1,17.1,10.5,24.2,0,134,11,1020.6,6,2022
"2022-06-19",15.7,26.3,6.3,16.7,13,24.2,0,126,12.6,1023.1,6,2022
"2022-06-20",16.1,56,3.3,16.1,13,22.3,0,140,14.3,1025,6,2022
"2022-06-21",22,50.1,7.4,13.8,9.3,21.9,0,135,12.8,1022.8,6,2022
"2022-06-22",13.1,22.3,2.8,13.2,9,19.2,0,141,14.1,1022.4,6,2022
"2022-06-23",22.1,50.5,8.6,12.3,6,17,0.5,146,13.6,1024.1,6,2022
"2022-06-24",12.2,21.8,2.4,13.6,10,19,0.3,143,15.9,1025.9,6,2022
"2022-06-25",23.1,59.5,11.6,12.3,7.7,18.3,0,109,8.6,1025,6,2022
"2022-06-26",19.2,43.5,8,14.4,9,22,0,142,12.9,1025,6,2022
"2022-06-27",14.6,32.9,7.3,14.1,10,20,0.1,148,16.2,1026.8,6,2022
"2022-06-28",13.5,28.8,1.3,12.4,10.9,19.4,0,149,26.5,1027.3,6,2022
"2022-06-29",11.1,24.5,3.8,13.2,9.8,18,0,147,19.7,1026.5,6,2022
"2022-06-30",12.1,21.4,4.9,14.3,11.5,19,0,145,14.9,1026.2,6,2022
"2022-07-01",15.9,38.7,5.4,13.7,10,19,0,147,19.7,1026.9,7,2022
"2022-07-02",14,23.8,4.1,12.9,9,17,0,156,18.4,1027.3,7,2022
"2022-07-03",13,21.5,3.2,13.5,11,18,0,155,17.4,1027.9,7,2022
"2022-07-04",13.7,29.1,4.4,14.3,9,19,0,152,14.6,1026.3,7,2022
"2022-07-05",17.2,35.5,6.3,14.9,9,20.3,2,127,14,1024.8,7,2022
"2022-07-06",18.8,29.4,11.6,13.1,6,23,0,98,7.7,1025.4,7,2022
"2022-07-07",18.5,36.3,9.9,13.8,5,23,0,153,12.7,1026.6,7,2022
"2022-07-08",12.9,25.2,6.9,14.8,12,20.3,0,147,18.9,1027.9,7,2022
"2022-07-09",12.3,24.5,5.4,13.8,11,18,0.3,149,18,1027.5,7,2022
"2022-07-10",9.3,15.3,4.5,13.8,11,18,0.5,141,19.2,1026.8,7,2022
"2022-07-11",9.2,16.1,1.6,14,10,18,0.1,135,17.4,1026.9,7,2022
"2022-07-12",14.1,28.4,5.5,14.5,10,20,0.1,136,14.1,1028.1,7,2022
"2022-07-13",9.7,16.9,4,15.7,13,22,0.3,134,16.6,1026.3,7,2022
"2022-07-14",12,22.4,2.9,14.9,12,21,0,130,13,1023.2,7,2022
"2022-07-15",22.1,74,8.5,14.2,8.9,21,0,126,11.4,1022.9,7,2022
"2022-07-16",27.1,75.7,6.1,14.1,10,20.7,0.1,139,12.8,1024.3,7,2022
"2022-07-17",10.5,19.8,3.3,14,11,18,0.2,157,19.8,1026,7,2022
"2022-07-18",10.4,17.4,1.9,13.4,11,19,0.3,151,17.8,1027,7,2022
"2022-07-19",11.5,18.1,4.3,13.9,11,19,0.6,140,19.6,1027.4,7,2022
"2022-07-20",11,25.3,4.3,13.3,11,19.1,0.5,140,16.5,1027.1,7,2022
"2022-07-21",13.2,23.9,4.3,13.1,10,18.2,0.5,127,15.9,1026.3,7,2022
"2022-07-22",16.6,29.9,8.7,12.6,9,18.2,0,139,13.3,1025.6,7,2022
"2022-07-23",20.3,53.1,7.6,13.4,10,18,0.3,130,10.3,1024.6,7,2022
"2022-07-24",13.6,22.7,5.3,14.1,10,21,0,119,10.6,1023.4,7,2022
"2022-07-25",24.8,74.6,9.7,13.7,7.8,21,0,91,9.4,1023,7,2022
"2022-07-26",21.9,33.4,13.2,15.3,9,23,0,111,8.1,1022.1,7,2022
"2022-07-27",23.5,46.3,11.7,14.8,10,22.8,0,107,10.3,1020.6,7,2022
"2022-07-28",40.8,104.2,13.9,15.5,8,24,0,112,8.5,1021.5,7,2022
"2022-07-29",14.1,22.7,7.4,15.5,13,23.4,0.8,123,14,1023.2,7,2022
"2022-07-30",14.1,27.3,5.3,15.3,12,20,0.1,120,14.6,1023.5,7,2022
"2022-07-31",13.7,22.7,5.7,15.8,12,22,0,104,11.6,1023.5,7,2022
"2022-08-01",20.4,43.7,8.5,14.6,9,22,0,116,10.4,1024.4,8,2022
"2022-08-02",17.6,29.8,10.2,15.2,11,21.7,0,134,15.7,1024.7,8,2022
"2022-08-03",16.3,34.8,4.8,15.1,12,20.8,0.2,131,14.3,1024.6,8,2022
"2022-08-19",-999,-999,-999,15.9,11,25,0,97,12.5,1022.5,8,2022
"2022-09-13",-183.5,29.8,-999,16.2,7,27,0,99,9.5,1022,9,2022
"2022-09-14",17.4,41.1,10.8,15.4,11,25.9,0,126,16.8,1025.1,9,2022
"2022-09-15",15.7,24.7,8.7,13.9,9,21.8,0,145,16.6,1026.8,9,2022
"2022-09-16",18.7,52.8,9.3,15.1,10,22,0,133,15.9,1025.3,9,2022
"2022-09-17",13.1,26.5,7.1,15.4,10,23,0,123,15.1,1023.3,9,2022
"2022-09-18",9.8,14.5,7.6,16.9,12,24,0,115,15.9,1023.4,9,2022
"2022-09-19",7.5,15.5,0.6,16.6,12,23.3,0,111,18.5,1024,9,2022
"2022-09-20",10.7,17.1,5.1,16.3,12,24,0.8,133,16.7,1023.8,9,2022
"2022-09-21",20.1,34.9,8.4,16.1,11.8,22.5,0,132,19.4,1023.3,9,2022
"2022-09-22",10.5,20.2,3.9,16,13,22,1.1,124,19.1,1024.4,9,2022
"2022-09-23",12.1,26.2,4.6,16.7,11.8,24,0,111,17.3,1024.5,9,2022
"2022-09-24",13.4,21.7,5.4,17.2,11,25,0,99,14.8,1024,9,2022
"2022-09-25",12.4,26,4.1,17.3,13,25,0,117,19.1,1023.8,9,2022
"2022-09-26",14,21.7,8.3,16.6,13,24,0,134,17.9,1024.7,9,2022
"2022-09-27",14.1,23.7,6.8,16.8,11,25,0,119,17.8,1024.2,9,2022
"2022-09-28",23.4,43.5,16.2,15.8,8,24,0,118,16.8,1023.1,9,2022
"2022-09-29",24.2,42.4,13.3,15.6,9,23.5,0,133,16.7,1022.9,9,2022
"2022-09-30",26,51.6,11.8,16.3,8,26,0,109,14,1022,9,2022
"2022-10-01",31.6,71.2,15.1,17.3,10,27,0,99,12.5,1022.8,10,2022
"2022-10-02",25.1,45.8,14.3,18.2,10,28,0,106,13,1022.2,10,2022
"2022-10-03",40.1,93.2,18.5,19.5,10,30,0,80,9.1,1020.1,10,2022
"2022-10-04",41.8,119.4,15.5,19.8,10,30,0,99,10.7,1021.3,10,2022
"2022-10-05",58.2,111.7,28.9,19.3,10,30,0,96,11.3,1023.3,10,2022
"2022-10-06",52.8,93.3,23.4,18.8,9,29,0,107,14.3,1023.5,10,2022
"2022-10-07",57.8,129.6,19.8,18.1,10.9,27.8,0,131,17.1,1023.5,10,2022
"2022-10-08",47,111,19.6,17.6,10.5,27.2,0,116,16.8,1023.9,10,2022
"2022-10-09",28.2,95.9,10.5,17.2,12,25.6,0,122,18.8,1024.2,10,2022
"2022-10-10",44.3,145.7,11,17.2,7,28,0,112,13.3,1024.4,10,2022
"2022-10-11",52.9,123.4,22.6,18.2,7,29,0,95,13.4,1023.8,10,2022
"2022-10-12",41.4,82.1,17.2,17.8,9,27.6,0,107,18.3,1023.6,10,2022
"2022-10-13",45.4,70.7,17,17.5,10,26.1,0,122,17.3,1023.3,10,2022
"2022-10-14",23.4,38.1,12.8,16.7,12,24.4,0.2,133,19,1022.7,10,2022
"2022-10-15",31.2,128.8,9.5,16.6,10,24,0,116,15.3,1021,10,2022
"2022-10-16",49,77.9,27.8,18.5,10.4,28,0,96,10.6,1020.8,10,2022
"2022-10-17",51,77,36.9,19.3,13,28,0,114,14,1022.3,10,2022
"2022-10-18",9.4,113.8,-999,18.2,11,27,0,112,16.6,1023.5,10,2022
"2022-10-19",50.5,127.8,31.8,18,12,27,0,118,16,1023.3,10,2022
"2022-10-20",56.7,133.2,31.2,18.9,14,26,0,120,18.8,1022.8,10,2022
"2022-10-21",43.2,81.4,20.1,18.8,14,25,0,111,17.7,1023.3,10,2022
"2022-10-22",42.4,94.2,15.7,20,12,30,0.7,103,12.9,1022.5,10,2022
"2022-10-23",62.2,157,22.5,21.6,14,30.4,0.3,110,10.9,1022.4,10,2022
"2022-10-24",55.7,113.9,24.1,21.2,14,30,0,66,8.5,1020.6,10,2022
"2022-10-25",45.7,84.8,25.9,20.6,14,30,11.3,56,9.6,1019.9,10,2022
"2022-10-26",49.6,93.1,18.1,21.8,16,30,0,93,12.9,1021.1,10,2022
"2022-10-27",66.3,103.8,35,22,16,31,0,95,11.9,1021.6,10,2022
"2022-10-28",61,81.7,30.5,21.1,16,30,7.8,98,9.5,1018.8,10,2022
"2022-10-29",40.8,70.4,21.3,20.2,16,30,13.6,67,10.6,1018.5,10,2022
"2022-10-30",22.7,53.5,14.9,18.3,16,28.2,17,117,12.8,1020.3,10,2022
"2022-10-31",22.5,44.6,7.1,18.8,13,25,0,102,14.6,1021.7,10,2022
"2022-11-01",33.8,62.6,14.1,19.5,13,27,0,106,10.4,1021.7,11,2022
"2022-11-02",32.8,66.6,10.3,20.8,15,28,0,104,11.8,1020.8,11,2022
"2022-11-03",41.4,65.8,22.8,20,15,31,9.1,69,9.2,1018.6,11,2022
"2022-11-04",66.2,117.2,31.4,19.7,17,30,14.3,57,7.4,1019.3,11,2022
"2022-11-05",58.6,91.2,22.6,21.2,16.9,28,0.2,102,12.5,1020.8,11,2022
"2022-11-06",63.5,82.7,34,20.8,15,28.1,0,113,11,1022,11,2022
"2022-11-07",-729.9,83.9,-999,20.8,15.8,28.3,0,92,12.2,1021.9,11,2022
"2022-11-08",-429.1,74.8,-999,20.7,17,29,0.9,115,12.2,1021.7,11,2022
"2022-11-09",53.2,117.7,18.5,20.1,13,28,2.2,91,11,1020.5,11,2022
"2022-11-10",72.8,103.2,40.2,21.2,15,30,0.3,97,10.6,1020,11,2022
"2022-11-11",65.1,110.5,14.4,21.4,14,30,0,101,11.4,1020.2,11,2022
"2022-11-12",81.7,115.8,38.6,21.6,15,30,0,114,12.8,1020.2,11,2022
"2022-11-13",59.4,119.6,19,21.6,16,29,0.3,123,13.3,1020.5,11,2022
"2022-11-14",63,96.2,29.6,22.1,15,30,0.2,122,13.6,1020.3,11,2022
"2022-11-15",30.2,47.1,15,21.5,17,29.6,0.4,117,14.3,1019.7,11,2022
"2022-11-16",18.7,28.1,7,20.6,16,30,13.2,62,11.9,1018.3,11,2022
"2022-11-17",-36,36.4,-999,19.1,15,27,14.4,25,9.1,1018.4,11,2022
"2022-11-18",22,36.9,10.9,20.8,15,30,8.7,302,7.9,1018.9,11,2022
"2022-11-19",25.8,52.2,12,21.8,16,31,0,2,8.5,1018.5,11,2022
"2022-11-20",12.9,26.6,5.9,22.7,19,30.1,0.5,297,12.1,1017.5,11,2022
"2022-11-21",11.2,20.6,5.6,23.1,18,30,0,280,14.9,1016.3,11,2022
"2022-11-22",23.5,38.4,13.3,20.8,17,29,0,92,12.8,1018.4,11,2022
"2022-11-23",22.9,46.2,7.6,20.2,15,27,4.9,103,10.9,1020.8,11,2022
"2022-11-24",22.7,40.1,12.8,20.3,16,27,1.1,114,17.4,1022.6,11,2022
"2022-11-25",25.2,52.6,10.4,19.8,13,27,0,100,15.9,1023,11,2022
"2022-11-26",27.8,48.5,15.9,20.1,14,27,0,119,16.1,1021.2,11,2022
"2022-11-27",33.5,55.7,16,20,12,27,0,105,11.6,1018.1,11,2022
"2022-11-28",45.7,86.8,24.9,21.6,13,30,0.2,116,8.5,1016.3,11,2022
"2022-11-29",51.2,82.8,20.3,21.7,16,30,23,79,9.2,1016.1,11,2022
"2022-11-30",26.1,53.8,9.2,20.4,16,29,11.5,232,9,1016.7,11,2022
"2022-12-01",28,61.3,11.7,21.1,16,29,7.5,90,8.3,1017,12,2022
"2022-12-02",28.7,55.9,11.2,22.8,18,30,1.5,102,8.8,1017,12,2022
"2022-12-03",25.2,44.5,14.7,21.8,18,31,7.1,108,10.5,1017.6,12,2022
"2022-12-04",16,28.3,3.5,20.8,16,28,13.6,146,11.6,1018.6,12,2022
"2022-12-05",-65.6,36.7,-999,20.7,16,28,10.6,117,14.8,1019.6,12,2022
"2022-12-06",19.3,41.2,6,20.9,16,26,0.6,123,15.3,1020.5,12,2022
"2022-12-07",24,54.7,10.3,20.9,16,27,0,128,15,1020.3,12,2022
"2022-12-08",20.3,38.8,12.3,20,17,26.5,0,136,14.5,1020.7,12,2022
"2022-12-09",18.4,41.3,7.8,19.5,14,26,2,148,15.1,1020.5,12,2022
"2022-12-10",13.8,28.1,4.2,20.5,17,27,3.6,127,15.7,1019.3,12,2022
"2022-12-11",13.8,24.3,6.1,21.5,15,28,1.6,112,15.6,1020,12,2022
"2022-12-12",15.8,29.1,3.9,21.2,18,26,7.2,117,17.2,1020.6,12,2022
"2022-12-13",13.3,27,3.3,20.5,17,26,8.4,126,16.1,1020.7,12,2022
"2022-12-14",12,23.1,4.2,19.6,16,26,10.1,122,14,1019.8,12,2022
"2022-12-15",-56.3,23,-999,20,15,28,15.6,90,9.1,1018.1,12,2022
"2022-12-16",17.1,36.6,4.2,19.9,16,27,13.3,81,9.2,1017.2,12,2022
"2022-12-17",15.3,43.9,4.4,20.2,16,28,15.7,62,7.5,1016.9,12,2022
"2022-12-18",15.8,28.7,9,20.2,15.6,27,20,27,7.1,1017.2,12,2022
"2022-12-19",20.6,39,10.4,20.9,16,28,9,51,6.9,1015.8,12,2022
"2022-12-20",14.1,24.2,8.7,20.7,18,27,11.6,318,6.6,1015.2,12,2022
"2022-12-21",11.4,26.4,0,21.4,17.6,27.6,1.5,286,12.1,1015.9,12,2022
"2022-12-22",7.4,13.1,2.9,21,17,28,5,290,13.9,1014.8,12,2022
"2022-12-23",12.9,36.5,2.7,21.4,15,28.8,0.8,328,7.1,1015.4,12,2022
"2022-12-24",14.4,23.6,1.1,20.6,17.5,27,0.5,86,11.3,1017.5,12,2022
"2022-12-25",9.8,24.6,2.7,20.5,17,27,17.5,71,10.2,1018.7,12,2022
"2022-12-26",14.1,31.1,2.3,20.5,17,28,25.2,96,10.2,1020.4,12,2022
"2022-12-27",13.5,29.9,2,21.3,17,27.1,5.1,125,13.4,1020.9,12,2022
"2022-12-28",15.6,30.7,3.4,20.8,17,27.1,0,104,13.3,1020.5,12,2022
"2022-12-29",16.2,27.2,6.6,21.4,16,28,0,112,13.8,1020.1,12,2022
"2022-12-30",20.3,41,12.6,21.7,16,29,0,128,8.9,1021.3,12,2022
"2022-12-31",25.5,34.9,17.1,22.5,16,29,2.2,127,8.9,1020.5,12,2022
"2023-01-01",15.6,24.5,7.6,21.8,17,28.9,9.1,38,8.5,1019.7,1,2023
"2023-01-02",16.8,30.4,8.6,20.3,17,28,5.1,62,6.1,1020.1,1,2023
"2023-01-03",19.8,31.8,9.3,21.4,17,28.2,10.9,83,10.2,1020.7,1,2023
"2023-01-04",17.7,25.7,11.1,20.8,17,27,16.3,76,12,1020.5,1,2023
"2023-01-05",21.3,38.3,10.8,20.7,15,26,1.4,119,12.1,1020.1,1,2023
"2023-01-06",18.5,37.7,10.9,20.7,15,26,0.1,115,14.7,1021.3,1,2023
"2023-01-07",15.3,31.2,6,22,17,28.1,0.3,104,12.1,1020.7,1,2023
"2023-01-08",15.2,27.1,8.6,22.6,18,28,10.1,113,11.9,1019.9,1,2023
"2023-01-09",18.5,36.2,7.4,22.8,18,29,13.9,90,12.9,1020.5,1,2023
"2023-01-10",16.2,39.6,3,21.4,18,28.4,6.1,36,8.9,1020,1,2023
"2023-01-11",11.4,26.7,2.2,20.6,17,29,13.5,265,7.1,1017.8,1,2023
"2023-01-12",13.8,31.7,0.5,20.6,17.9,25,48,116,11.6,1017.5,1,2023
"2023-01-13",15.5,36.7,1.3,21.4,18,28,22.8,107,10.9,1018.5,1,2023
"2023-01-14",13.1,25.2,1.7,20.4,16.4,27.3,7.9,131,14.6,1019.5,1,2023
"2023-01-15",8.7,17.2,0.6,19.8,18,24.2,0,136,15.7,1019.6,1,2023
"2023-01-16",11.5,25.3,0.4,19.9,16,26,1.9,135,15.2,1021.1,1,2023
"2023-01-17",11.7,24.3,3.1,20.1,17,25,4.5,141,17.4,1020.3,1,2023
"2023-01-18",8.5,15.9,0.8,19.8,16,25.1,0,154,20.1,1019.3,1,2023
"2023-01-19",11.4,22.3,1.4,18.3,16.9,25,0.3,164,17.6,1015.4,1,2023
"2023-01-20",11,18.7,1.3,19.2,18,22,50.4,142,17.8,1011.2,1,2023
"2023-01-21",12.7,33.5,0,18.8,18,20,29.5,71,15.6,1010.8,1,2023
"2023-01-22",6,11.1,0,18.3,17,20,59.8,21,17.1,1010.9,1,2023
"2023-01-23",12.8,26,0,19.2,17,22,33.3,9,12.3,1011.2,1,2023
"2023-01-24",14.7,30.9,2.2,20,17,24,35.9,23,11.1,1011.8,1,2023
"2023-01-25",18.2,39.8,0,19.3,17,24.7,41.9,21,10.3,1010.9,1,2023
"2023-01-26",16.9,31.1,5.6,19,17,23.6,7.9,33,14.2,1011.7,1,2023
"2023-01-27",12,21.9,1.7,19.8,17.9,23.4,38.1,6,16.7,1014.6,1,2023
"2023-01-28",6.3,13.2,1.4,20.8,18,28,5.3,315,14.5,1015.7,1,2023
"2023-01-29",5.9,14.1,1,21.2,17,27.2,7.9,286,12.8,1016.2,1,2023
"2023-01-30",23.9,55.4,4.1,22.5,17,31,13.6,9,9.8,1017.5,1,2023
"2023-01-31",18.7,34.7,8.9,22.7,16.4,30.7,10.9,128,12.1,1018.9,1,2023
"2023-03-07",-493.9,11.3,-999,21,17.9,28,2.4,314,12.8,1015.4,3,2023
"2023-03-08",8.6,20.4,2.4,21.8,17,28,0.7,297,9.6,1015.7,3,2023
"2023-03-09",11.6,28.2,2.3,21.6,18,29,28,306,8.1,1016.1,3,2023
"2023-03-10",16.4,37.5,4.7,20.9,17,29,31.6,119,10.1,1016.9,3,2023
"2023-03-11",18.7,39,6.9,20.6,18,27.5,48,130,11.9,1017.9,3,2023
"2023-03-12",11.3,19.6,2.1,20.7,18,27,4.5,133,12.2,1018,3,2023
"2023-03-13",11.6,22.7,0.7,19.9,17,25,2.8,139,17.1,1018.3,3,2023
"2023-03-14",15.1,37.2,3.9,19.9,17,25,0,127,15.2,1017.6,3,2023
"2023-03-15",16.6,30.7,4.7,20.5,17,25,2.6,111,12.3,1016.1,3,2023
"2023-03-16",14.9,31.5,2.1,20.3,16,28,9.9,54,8.1,1014.8,3,2023
"2023-03-17",14.7,35.3,3.7,21.7,17.6,27,0.9,317,8.8,1016.4,3,2023
"2023-03-18",26.8,45.7,16.7,21.7,17,31,2.9,63,7,1018.3,3,2023
"2023-03-19",15.2,24.8,8.2,20.9,18,29.2,0.8,80,7.8,1019.4,3,2023
"2023-03-20",21.1,47.1,5.5,21,17,28.5,2,72,7.2,1019.8,3,2023
"2023-03-21",17.6,49.1,0.3,20.5,17,26.7,11,115,9.8,1018.7,3,2023
"2023-03-22",17.8,44.2,3.2,20.4,18,27,6.5,111,9.4,1020.4,3,2023
"2023-03-23",15.3,25.9,4.6,20.9,17,27,3.2,112,15.1,1020.2,3,2023
"2023-03-24",16.1,35.6,3.3,21,17,27,3.1,120,11.3,1019.8,3,2023
"2023-03-25",19.3,43.1,1.4,20.2,16,25,2.4,113,13.9,1019.5,3,2023
"2023-03-26",12,24.1,2.7,20.6,17,25.4,1.4,122,13.2,1019,3,2023
"2023-03-27",17.1,41.5,0.2,22.3,16,29,7.9,145,5.8,1017.5,3,2023
"2023-03-28",21,45.2,1.7,20.5,17,28.5,6.1,87,8.7,1017.6,3,2023
"2023-03-29",-188.5,18.6,-999,20.8,17,27.2,59.9,128,12.1,1019.5,3,2023
"2023-03-30",16.2,34.7,0,20.8,16.8,28,14.9,109,10.7,1019.6,3,2023
"2023-03-31",19.7,38.6,4.4,20.9,17,27,5.7,111,9.6,1019,3,2023
"2023-04-01",13.5,26.5,3.4,21.4,17,28,6.5,113,11.7,1019.5,4,2023
"2023-04-03",-62.2,26.3,-999,20.9,16.9,27.1,26.9,99,7.4,1017.5,4,2023
"2023-04-04",19,42.8,4.6,21.2,18,27,11.6,71,9.2,1018.4,4,2023
"2023-04-05",19,43.7,3.6,20.4,17,25.1,16.3,121,10.2,1019.1,4,2023
"2023-04-06",19,35.9,3.8,20.2,17.9,26.1,3,124,10.4,1019.1,4,2023
"2023-04-07",17.9,44.1,2.5,20.9,17,26.4,0,123,11.5,1019.9,4,2023
"2023-04-08",20.2,38.4,6.5,20.3,16.6,26.4,0.1,119,12.4,1021.1,4,2023
"2023-04-09",12.9,22.3,6.6,21,18,26.2,15.4,147,11.9,1020.4,4,2023
"2023-04-10",13.2,26.6,2.7,19.9,16,28.9,1.8,145,8.9,1018.4,4,2023
"2023-04-11",12.4,29.9,4.7,19.9,14,28.5,0,286,6.9,1017.2,4,2023
"2023-04-12",-24.9,61.6,-999,21.5,16.7,28,0,215,6.5,1017.6,4,2023
"2023-04-13",22.9,33.5,9.2,20.1,18,28.4,4,70,6.7,1018.8,4,2023
"2023-04-14",23.8,49.2,13.1,20.9,17,26,0.2,82,8.6,1020.7,4,2023
"2023-04-15",21.3,35.4,6.4,19.7,17,26.3,9,50,6.5,1021.3,4,2023
"2023-04-16",18.6,34.9,8.1,20.2,17,25.3,0,108,10.2,1019.8,4,2023
"2023-04-17",16.6,33.9,5.3,19.9,17,25.5,0,124,12.2,1019.8,4,2023
"2023-04-18",20.9,47,8,19.8,16,25,0.9,129,14.7,1021.9,4,2023
"2023-04-19",17.1,45.5,3.4,19.8,17,25.2,1.5,142,12.7,1021.7,4,2023
"2023-04-20",18.4,43.8,2.4,19.4,16,25.3,8.8,113,12,1018.6,4,2023
"2023-04-21",17,41.7,6,21.2,16,28,0.4,50,6.9,1016.6,4,2023
"2023-04-22",15.5,28,5.1,21.2,17,29,0,86,8.7,1017.2,4,2023
"2023-04-23",23.7,52.1,7.9,20.3,15,28.5,4,49,8,1016.5,4,2023
"2023-04-24",13.5,36.1,2.8,20.8,17,28.5,0,313,10,1017.2,4,2023
"2023-04-25",26.4,62,8.4,20.3,13.7,28,0,200,7.9,1017.5,4,2023
"2023-04-26",23,46.3,10.4,21.4,17,28,0.2,131,7.8,1018.2,4,2023
"2023-04-27",21.7,48,10.7,20.8,17,27.3,0.3,104,11.2,1019.6,4,2023
"2023-04-28",15.8,26.2,2.3,18.7,15,27.3,0,131,14.2,1021.4,4,2023
"2023-04-29",16.3,35.5,6.2,18.2,13,25,0,132,11.4,1020.2,4,2023
"2023-04-30",25.3,47.2,9.8,18.5,11.8,26,0,108,7,1018.3,4,2023
"2023-05-01",26.1,58.2,8.7,19.1,13,26,0,63,5.2,1018,5,2023
"2023-05-02",24.2,41.9,9.4,20.2,14.8,27,0,92,8.1,1019.9,5,2023
"2023-05-03",21.9,42.7,5.6,18.6,15,24,0.5,103,8.3,1022.6,5,2023
"2023-05-04",15,31,1.6,18.5,16,23,0.9,111,14,1023.3,5,2023
"2023-05-05",18.1,39.9,3.3,18.4,15,24.3,0,93,9.4,1022.5,5,2023
"2023-05-06",19.4,38.2,6.1,18.6,14,26.2,0,93,10.6,1022.3,5,2023
"2023-05-07",15.9,26.6,6.5,18.3,15,26.2,2.8,115,14.3,1022.6,5,2023
"2023-05-08",18.9,49.7,2.8,17.9,12.8,24.3,0.7,124,12.2,1022.7,5,2023
"2023-05-09",16.9,32.2,3.4,18.3,15,23,1.2,129,12.8,1022.6,5,2023
"2023-05-10",19.1,41.4,5.9,18.2,15,23.6,0,123,13.3,1022.7,5,2023
"2023-05-11",27.2,74.4,7.4,17.4,12,24,1,108,10.4,1023.4,5,2023
"2023-05-12",14.8,32,1.6,19.4,15,26.3,0,108,10,1023,5,2023
"2023-05-13",17.9,36.3,5.2,20.3,16.3,27,0.8,90,6,1023,5,2023
"2023-05-14",15.3,28.7,6.2,20,16,26,1.4,94,8.4,1022.5,5,2023
"2023-05-15",20.7,44.8,2.9,20.5,17,25.6,1.2,38,9.8,1021.6,5,2023
"2023-05-16",24.6,45.9,10.6,19.6,15,26,0,313,9.7,1020.4,5,2023
"2023-05-17",31.4,71,7.9,18.7,12,26.6,0,334,7.6,1020.6,5,2023
"2023-05-18",31.6,60.5,13.9,19,14.3,26,0,356,5.8,1022,5,2023
"2023-05-19",39.7,91.3,11.8,18.7,13,27.4,0,340,6,1022,5,2023
"2023-05-20",43.7,84.1,10.3,18.8,12,27,0,307,7.6,1021,5,2023
"2023-05-21",44.4,75.1,19.9,18.6,11,28,0,306,6.9,1020,5,2023
"2023-05-22",44.9,73.9,22.8,18.5,12.8,27.1,0,294,7.1,1019.8,5,2023
"2023-05-23",46.8,93.8,17.3,16.9,11,26.9,0,331,6.1,1020.3,5,2023
"2023-05-24",37.7,55.1,23.7,16.9,11,26,0.1,80,7.1,1020.2,5,2023
"2023-05-25",32.9,69.5,15.3,15.7,12,25.2,5.6,95,7.8,1020.8,5,2023
"2023-05-26",22.2,48.7,7.9,15.4,9.8,24.2,0,133,10.2,1024.1,5,2023
"2023-05-27",19.2,37.1,8.4,16.3,9.8,24.2,0,140,13.3,1025.5,5,2023
"2023-05-28",12,23.7,4.3,16.6,13,22.1,0,144,14.7,1024.9,5,2023
"2023-05-29",16.7,43,3.3,17.6,11.7,25,0,130,10.2,1024.5,5,2023
"2023-05-30",16.3,30.9,4.5,17.6,14.8,23.2,0,135,12.5,1024.4,5,2023
"2023-05-31",22.1,37.2,6.5,17.2,13,24.2,0,133,9.6,1024.2,5,2023
"2023-06-01",24.2,66.2,11.5,15.5,11,24.2,0,112,11,1023.8,6,2023
"2023-06-02",19.6,37.7,5.9,15.1,10,21,0,127,12.6,1024.9,6,2023
"2023-06-03",17.7,33.6,3.5,17.1,14,24,0.3,130,12.8,1025.5,6,2023
"2023-06-04",14.5,34.4,2.6,16.8,13,22,0,127,13.2,1025.5,6,2023
"2023-06-05",20.5,43.3,4.6,16,13,22.3,0.2,129,11.4,1025.2,6,2023
"2023-06-06",25.4,61.9,4.6,16.8,11.4,23.2,0,115,10.9,1025.3,6,2023
"2023-06-07",19.2,28.8,7.8,17.9,14,23.1,0,131,11.7,1024.9,6,2023
"2023-06-08",26.1,52.7,8.2,17.9,13,24,0,108,10.8,1024.5,6,2023
"2023-06-09",21.2,37.1,6.2,18,14,25,0,96,9.2,1023.4,6,2023
"2023-06-10",26.3,56.3,11.7,16.7,11.7,25.4,0,100,6.3,1022.5,6,2023
"2023-06-11",27.5,46.4,15.2,17.8,12.7,25.3,0,80,6.2,1021.3,6,2023
"2023-06-12",31,66.7,9.4,17.8,12,25.3,0,76,7.8,1020.7,6,2023
"2023-06-13",31.2,83.7,9.8,17.9,12,24,0,8,7.9,1019.9,6,2023
"2023-06-14",49.5,99.3,19.4,16.9,10,25,0,43,6.1,1021.6,6,2023
"2023-06-15",36.6,76.7,19.1,16.7,11,25,0,103,6.1,1022.8,6,2023
"2023-06-16",50.7,145.1,14.5,16.5,11.7,26,0,41,4.4,1022.5,6,2023
"2023-06-17",59.5,109.4,28.4,15.7,8,25,0,115,7.9,1023.5,6,2023
"2023-06-18",27.2,45.1,11.8,15.1,11,21,0,139,11.8,1024.3,6,2023
"2023-06-19",25,49.1,11.5,13.6,8,20,0,116,10.3,1023.5,6,2023
"2023-06-20",27,51.1,16.1,13.6,8,22,0,99,7,1022.7,6,2023
"2023-06-21",28.4,52.8,14.2,14.1,9,22,0,117,9.2,1022.7,6,2023
"2023-06-22",35.9,83.8,8.8,15.6,9,24,0,101,6.9,1022,6,2023
"2023-06-23",36.2,74.3,7.7,15.7,10.8,23,0,128,8.2,1021.7,6,2023
"2023-06-24",26.6,53,14.8,14.9,9,23,0,116,10.8,1021.1,6,2023
"2023-06-25",20,36.3,3.8,14.7,10,22,0,113,9.5,1021.6,6,2023
"2023-06-26",24.1,40.5,11,13.8,8.9,22.8,0,109,8.1,1022,6,2023
"2023-06-27",30.5,65,16.5,12.7,7,22.3,0,101,8.8,1022.7,6,2023
"2023-06-28",41.6,105.3,20.1,13.1,5.8,21.4,0,93,8.6,1024.7,6,2023
"2023-06-29",32.2,45,14.8,14.2,10,22,0,127,11.2,1025.8,6,2023
"2023-06-30",-23.4,62.2,-999,14.7,9,21,0,89,9.9,1025.3,6,2023
"2023-07-01",30.3,58.3,16.5,15.1,8,23,0,115,10.2,1026.1,7,2023
"2023-07-02",24.4,54.6,12.7,14.5,9,22.7,0,143,13.5,1028,7,2023
"2023-07-03",24.2,62.1,7.2,14.5,9.3,20.2,0.1,148,15.5,1029,7,2023
"2023-07-04",18.2,39.4,5,12.9,8,19.3,0,159,10.6,1027.7,7,2023
"2023-07-05",38.7,84.8,11.7,14,9,20,0,117,6.5,1025,7,2023
"2023-07-06",28,54.2,7.9,15.3,10.9,22.6,0,136,11,1024.2,7,2023
"2023-07-07",25,42.9,13.4,14.7,8.9,22.6,0,116,16.2,1027.8,7,2023
"2023-07-08",19.8,37,7,14.9,10.3,21.6,0.5,138,12.5,1027,7,2023
"2023-07-09",26.6,70.7,10.1,15.2,11,20.2,0,117,10.8,1024.8,7,2023
"2023-07-10",32.1,65.8,15.5,16.5,12,22.1,0.2,121,5.7,1022.9,7,2023
"2023-07-11",35.9,78.4,7.7,18.1,13,25,0,296,6.8,1021.7,7,2023
"2023-07-12",36.9,90.6,19.2,15.6,10,25.3,0,113,11.5,1023.1,7,2023
"2023-07-13",17.7,35.1,2.3,14.7,12,22.1,0,131,14.7,1024.6,7,2023
"2023-07-14",18.2,41.4,3.5,15.7,12.8,21,0,139,14.2,1025.3,7,2023
"2023-07-15",11.8,24.4,2.6,14.5,12,19,0,140,19.2,1026.3,7,2023
"2023-07-16",14.5,31.1,2.8,15.5,11,22,0,132,12.2,1026.3,7,2023
"2023-07-17",17,27.5,5.3,16.6,14,22,0,140,14,1026.7,7,2023
"2023-07-18",19.7,42.5,4.9,15.9,12,21.3,0.1,115,12.9,1027.3,7,2023
"2023-07-19",28.6,57.7,9.9,14.5,9.7,21.3,0,130,9.9,1026,7,2023
"2023-07-20",26.6,60.4,7.9,17.7,11,26,0,133,9.8,1025.5,7,2023
"2023-07-21",22.4,38.3,15.1,17.2,14,25.5,0,129,16.5,1027.5,7,2023
"2023-07-22",18,34.6,7.4,16.2,12.7,22.3,0,127,16.6,1027.7,7,2023
"2023-07-23",18.5,41.7,4.7,15.7,12,22,0,134,10.3,1026.1,7,2023
"2023-07-24",26.4,43.6,13.1,16.3,11.8,23.2,0,125,9.9,1024.2,7,2023
"2023-07-25",30.5,56.1,9.9,17.6,10,25.3,0,126,7.7,1023,7,2023
"2023-07-26",18.6,30.8,8.4,14.4,11,19.7,0,151,14.1,1025.4,7,2023
"2023-07-27",22.2,48.9,5.5,14.8,8.8,23,0,140,12.8,1026.6,7,2023
"2023-07-28",27.1,78,9.3,15.2,10,23,0,134,9.3,1025.8,7,2023
"2023-07-29",22.2,37,11.4,15,9.8,22,0,121,11.5,1025,7,2023
"2023-07-30",22.6,44.6,9.2,15.2,7.6,25,0,109,10.5,1024.3,7,2023
"2023-07-31",34.4,76,11.6,16,9,24,0,97,7.2,1024.7,7,2023
"2023-08-01",27.6,47.9,14.4,17.6,13,24,0,116,10.7,1025.4,8,2023
"2023-08-02",26.9,60.5,15.7,15.9,12,22,0,138,14.6,1027.2,8,2023
"2023-08-03",17.2,28.2,9.4,15.1,11,21.5,0.8,153,16.3,1028.9,8,2023
"2023-08-04",10.6,19.5,1.5,15.1,13,19.2,0,150,19.4,1029.5,8,2023
"2023-08-05",12.6,20.8,1.2,15.7,12.8,20.3,0.1,148,17.8,1030.4,8,2023
"2023-08-06",10,19.5,1.2,15.5,13,20,0,142,18.9,1029.4,8,2023
"2023-08-07",18.3,34.9,4.3,15.5,12,22,0,129,13.3,1025.9,8,2023
"2023-08-08",22.3,49.3,6,15.4,12,22,13.4,123,8.1,1024,8,2023
"2023-08-09",21.5,56.3,9.6,15.8,10,23.6,2.8,133,11.5,1024.2,8,2023
"2023-08-10",20,38.5,4.5,16.8,12,25,0,125,9.4,1023.4,8,2023
"2023-08-11",21.7,42.6,8.2,17.2,13,25,2,100,10.4,1022.8,8,2023
"2023-08-12",21.3,41.8,5.8,17.1,13,23.4,0,99,11.2,1023,8,2023
"2023-08-13",20.5,37.1,9.9,16.8,12,24,0,117,13.5,1023.7,8,2023
"2023-08-14",15.5,31.1,0.7,17.7,14,25,10.2,99,9.8,1024,8,2023
"2023-08-15",14.5,31.5,3.1,18.9,15,25,1,55,7,1023.5,8,2023
"2023-08-16",25.1,58.1,9.7,19.7,13,27.1,0.3,296,8.3,1022.7,8,2023
"2023-08-17",18.4,34.7,9.1,17,14,21.4,0.5,130,15.8,1024.2,8,2023
"2023-08-18",16.8,36.9,2.6,17.3,15,23,1.1,117,12.7,1024.4,8,2023
"2023-08-19",17.5,40.2,2.4,19.4,14.8,27,0,93,7.8,1022.2,8,2023
"2023-08-20",32.4,55.2,17,19.3,12.6,26,0,61,6,1020.5,8,2023
"2023-08-21",34.7,74.4,16.4,19.3,12.6,27.2,0,93,9.4,1020.1,8,2023
"2023-08-22",26.9,65.5,11.8,17.4,13,27.2,0,107,14.5,1022.5,8,2023
"2023-08-23",20.9,34.7,13.4,16.2,12,23,0.1,123,16.8,1024.1,8,2023
"2023-08-24",19.6,46.6,5.7,17.1,13,24,0,119,13.6,1023.4,8,2023
"2023-08-25",15,27.3,2.9,17.6,13,24,0.9,112,16.1,1022.6,8,2023
"2023-08-26",15.9,27.5,5.1,17.1,12.9,27,0,106,15.9,1023.7,8,2023
"2023-08-27",15.3,29.2,9.3,17.7,14,24,0,108,14.5,1025.6,8,2023
"2023-08-28",15.4,31.8,6.8,16.4,10.7,24,0,124,17.5,1026.2,8,2023
"2023-08-29",15.3,32.4,3.8,15.8,12.9,23.4,0.8,143,18.5,1026.1,8,2023
"2023-08-30",10.9,20.9,1,15.7,13.8,21,0,147,19.1,1025.8,8,2023
"2023-08-31",15,33.6,1.1,15.6,10.6,22,0,129,16.1,1024.5,8,2023
"2023-09-01",23.2,68.4,4.6,16.6,9.8,24,0,99,11.4,1024.1,9,2023
"2023-09-02",18.6,35.6,10.2,16.7,11.6,25,0,110,16,1024.4,9,2023
"2023-09-03",12.9,22.4,5.1,15.6,12,23.3,0.1,134,15.5,1024.8,9,2023
"2023-09-04",19.3,37,8.5,15.9,12,21,0.3,139,13.6,1023.8,9,2023
"2023-09-05",17,30.4,2.6,17.2,12,25,0,120,15.6,1022.1,9,2023
"2023-09-06",30.9,78.3,7.4,17.7,9,27.3,0,91,8,1021,9,2023
"2023-09-07",38.2,82.6,19.5,19.3,12,28,0,116,9.8,1020.8,9,2023
"2023-09-08",27.3,46.4,17.5,17.4,11.5,28.3,0,115,13.7,1022.7,9,2023
"2023-09-09",26.7,47.1,13.3,17.5,10.5,25,0,115,13.2,1023.8,9,2023
"2023-09-10",19.6,33,11.7,17.6,11,25,0,115,15.2,1023.9,9,2023
"2023-09-11",23.2,51,9.2,17.1,10,25,0,102,16.6,1023.2,9,2023
"2023-09-12",28.5,65.2,9.7,17.7,10,27,0,107,10.9,1023.3,9,2023
"2023-09-13",36.9,84.9,21.7,17.8,10.6,26.1,0,109,13.6,1023.7,9,2023
"2023-09-14",25.4,49.2,16.7,17.8,12,26,0,134,15.5,1023.6,9,2023
"2023-09-15",22.5,45.6,9.5,17.1,11.9,25,0,124,16.5,1023.5,9,2023
"2023-09-16",19.5,37,6.3,17.5,12,26,0,117,13.2,1022.3,9,2023
"2023-09-17",29.2,64.6,12.9,17.9,10,27,0,103,11.2,1021.3,9,2023
"2023-09-18",24.3,61.4,11.6,17.2,10,26.2,0,110,15.6,1021.4,9,2023
"2023-09-19",19.5,31.5,9.4,17.2,10,26,0,111,14.3,1022.7,9,2023
"2023-09-20",16,26.7,6.4,18.6,14,27,0,110,12.2,1022.6,9,2023
"2023-09-21",30.2,61.6,8.8,19,11.8,27,0,115,11.8,1022,9,2023
"2023-09-22",21.6,38.1,12.5,18.8,13,27,0,115,17.3,1022.9,9,2023
"2023-09-23",12.8,19.5,7.6,18.7,16,25,0.1,133,17.7,1024.4,9,2023
"2023-09-24",11.6,26.9,2.7,18.2,13,24,0.1,117,18,1024.6,9,2023
"2023-09-25",24.4,68.4,11.8,17.8,11,26,0,111,15,1022.8,9,2023
"2023-09-26",19.9,39.2,10.5,16.4,10,24,0,104,17.1,1023.2,9,2023
"2023-09-27",19.5,37.2,12.3,16.3,11,24,0.1,128,16,1024.3,9,2023
"2023-09-28",17.1,31,7.8,16.4,12,25,0.2,120,18.3,1025,9,2023
"2023-09-29",22.5,58.2,6.9,17.7,11,26,0,119,14.3,1024.6,9,2023
"2023-09-30",20.7,31.8,12.4,19.1,12,27,0,96,12,1023.1,9,2023
"2023-10-01",28.2,60.4,11.7,21.6,13,30,0,76,8.7,1021.6,10,2023
"2023-10-02",40.6,65.7,21.5,22.2,16,30,0.8,167,8.1,1021.4,10,2023
"2023-10-03",18.5,43.9,7.8,18.3,16,30.6,0,144,21.1,1023.9,10,2023
"2023-10-04",14,22.6,3.7,18.5,15,25,0,127,15.3,1025.4,10,2023
"2023-10-05",17.2,40.2,5.9,19.8,14,27,0,114,15.8,1025.2,10,2023
"2023-10-06",27.4,63.5,13.4,18.4,11,28,0,104,13.9,1023.3,10,2023
"2023-10-07",27,48,14,18.3,11,28,0,101,15.3,NA,10,2023
"2023-10-08",36.4,91.5,10.1,19.1,9,30,0,93,11.3,NA,10,2023
"2023-10-09",51.8,116.4,27,20.5,14,30,0,110,11.3,1021.5,10,2023
"2023-10-10",66,164.7,25.1,19.2,11,30,0,98,10.9,NA,10,2023
"2023-10-11",94.7,212.3,28.7,21.1,11,34,0,107,11,1020.4,10,2023
"2023-10-12",99.3,159.1,51,22.3,13,33,0,90,8.1,NA,10,2023
"2023-10-13",64.1,125.7,32.5,22.7,17,33,20.2,63,11.5,1020.1,10,2023
"2023-10-14",41.5,75.2,21.9,22.7,17,32.1,11.4,324,9.1,1019.4,10,2023
"2023-10-15",26,45.1,15.2,22.6,16,32.3,3,316,11,1018.8,10,2023
"2023-10-16",31.2,67.2,8.1,22.9,15,33,0,50,9.6,1018.8,10,2023
"2023-10-17",34.1,61.3,20.6,21.7,18,32,5.3,62,9,NA,10,2023
"2023-10-18",27.5,57.2,7.8,22.8,16.7,31.4,7.9,45,8.8,NA,10,2023
"2023-10-19",37.2,61.7,17.5,23.3,17,31,0.8,39,10.8,1021.3,10,2023
"2023-10-20",28.1,76.1,11.6,23.3,17,31,0.6,312,12,NA,10,2023
"2023-10-21",29,48.8,18.7,21.9,18,30.8,0,106,14.2,NA,10,2023
"2023-10-22",21.1,41.7,9.2,22,17,30,11.9,93,9.6,1020.9,10,2023
"2023-10-23",34.2,56.8,11,20.8,16,29,24.9,360,8.4,1020.1,10,2023
"2023-10-24",46.5,89.9,21.1,22.2,16,30.3,2.3,306,7.7,1018.7,10,2023
"2023-10-25",-21.4,45.6,-999,23,16,32,15.6,298,9.5,1019,10,2023
"2023-10-26",33.2,71.7,10.9,23.8,16,31.2,0,299,8.8,1019.4,10,2023
"2023-10-27",32.5,51.7,21.3,21.9,17,31.2,0.4,113,11.5,1019.2,10,2023
"2023-10-28",21.8,37.7,13.3,21.4,17,29.1,13.4,87,12.7,1020.2,10,2023
"2023-10-29",16.7,34.8,7.1,21.2,17,28,11.2,92,9.7,1020.8,10,2023
"2023-10-30",28.2,62.8,8.2,21.8,18,28,0.1,99,10.6,1020.2,10,2023
"2023-10-31",47,91.4,29.8,22.2,17,29,0.1,95,11,1019.8,10,2023
"2023-11-01",49.7,93.4,30,21.8,17,28.3,0,85,11,1019.8,11,2023
"2023-11-02",34.2,83.2,6.7,22.1,16.5,28.3,4.1,323,11.2,1018.7,11,2023
"2023-11-03",38.8,72,15.5,20.5,16,28,2.9,116,13.6,NA,11,2023
"2023-11-04",16.3,24.1,8.8,19.8,16.9,27.6,1,125,14.5,1020.5,11,2023
"2023-11-05",11,17.4,2.7,19.7,17,25.1,0.3,127,15.8,NA,11,2023
"2023-11-06",13.9,28.2,2.2,20.4,17,26.5,11.2,119,13.7,1021.8,11,2023
"2023-11-07",15.6,29.8,3.3,19.8,17,25,4.4,110,14.6,1021.6,11,2023
"2023-11-08",17,35.8,5.1,21,15,28,0.2,112,11.5,1020.6,11,2023
"2023-11-09",15.6,31.3,5.1,20.8,17,28,7.2,338,9,1019.2,11,2023
"2023-11-10",15.6,41.1,4.2,21.6,16,29,1,302,9.6,1019.2,11,2023
"2023-11-11",20.2,39.2,8.8,21.1,16,28.7,0.4,113,14.2,NA,11,2023
"2023-11-12",13.7,37.8,1.4,21.5,17,29,0.2,97,11.2,NA,11,2023
"2023-11-13",20.1,40.9,9.5,21.5,17,29,0.9,44,8.2,NA,11,2023
"2023-11-14",29.5,48.8,13.4,21.2,15,30,7.8,70,9.6,1019.2,11,2023
"2023-11-15",32.4,59.9,14.7,19.1,16,25,30.9,87,9.5,NA,11,2023
"2023-11-16",16,30.5,5.3,19.5,16,26,11.3,117,11.3,1021.2,11,2023
"2023-11-17",17.6,28.3,4.5,19.8,17,26.1,0.5,113,13.5,NA,11,2023
"2023-11-18",19.3,36,8.9,21,17,26.1,2.4,103,10.9,NA,11,2023
"2023-11-19",21,45.8,8.7,22.2,17,29,0.6,92,10.6,1020.2,11,2023
"2023-11-20",44.2,106.5,15.4,22,16,30,0,108,13.7,1020.1,11,2023
"2023-11-21",78.5,150.5,25.9,20.6,13,29.6,0,93,12.9,1021.1,11,2023
"2023-11-22",72.1,123.6,22,20.2,12.7,28.8,0.2,123,14,1023,11,2023
"2023-11-23",23.7,57.1,8.4,20.7,17,26.1,0,132,17.7,1022.7,11,2023
"2023-11-24",20.8,36.1,8.6,20.5,15,27,0,133,17.6,1020.6,11,2023
"2023-11-25",21.6,37.6,11.9,21.4,14,28,8.4,129,16.1,1019.9,11,2023
"2023-11-26",15.3,43.1,1.8,22.1,17,29,0,112,14.6,1020.7,11,2023
"2023-11-27",38.7,67.6,12.2,22.2,14,32,0,103,10.3,1018.5,11,2023
"2023-11-28",81.2,239.8,37.3,23.5,16,31.1,0.5,94,8.1,1016.3,11,2023
"2023-11-29",53.2,192.9,13,23.4,17,32.2,5.3,313,9.3,1016.5,11,2023
"2023-11-30",23.1,37.7,10.4,22.4,17,32.3,11.5,259,10,1017.8,11,2023
"2023-12-01",22.7,35.9,11.8,20.3,17.8,31.3,11.7,184,8.7,1017.1,12,2023
"2023-12-02",13.4,20.9,5.9,20.6,17,28.6,20.4,135,9.8,1017,12,2023
"2023-12-03",10.5,21.5,2,20.7,17,29,0,123,13.3,1018.4,12,2023
"2023-12-04",16.7,28.5,1.3,20.7,16.8,28.6,1.5,110,10.7,1019.3,12,2023
"2023-12-05",23.4,38.6,10.1,22.3,17,30,1,123,8.1,1018.6,12,2023
"2023-12-06",25.6,43.8,10.5,23.9,18,32,0,124,10.7,1018.3,12,2023
"2023-12-07",22.5,38.1,12.4,21.3,17,31.8,0,135,18,1019.9,12,2023
"2023-12-08",23.5,36.5,13.6,22.1,15,30,0,90,11.3,1019.5,12,2023
"2023-12-09",25.6,49.3,17.1,21.7,17,30,10,80,11.5,1020,12,2023
"2023-12-10",19.8,31.1,11.4,21.8,18,30,7.9,119,10,1020.8,12,2023
"2023-12-11",20,44.9,9.3,23.5,18,30,0.3,109,10.7,1021,12,2023
"2023-12-12",21.3,41.1,9.7,23.4,18,30,0.1,101,12.1,1019.1,12,2023
"2023-12-13",26.4,44.6,10.9,23.7,17,30.1,0,110,11.1,1018,12,2023
"2023-12-14",19.9,36.1,11.1,23.1,17,30.7,0,107,12.4,1019.4,12,2023
"2023-12-15",20,37.8,8.6,23.3,18.4,30,0,103,13.6,1020.5,12,2023
"2023-12-16",20.9,42.6,8.7,23.7,18,31,0,93,10.3,1019.3,12,2023
"2023-12-17",19.7,35.2,13.4,23.4,18.7,30.4,0.9,313,10.9,1017.6,12,2023
"2023-12-18",16.4,49.5,3.9,23.2,19.9,30,29.9,244,10.1,1016,12,2023
"2023-12-19",17.2,33.1,7.1,24,20,30.2,6,111,10.8,1016.3,12,2023
"2023-12-20",18,37.4,5.7,22.4,19,30.3,14.4,78,10.2,1017.6,12,2023
"2023-12-21",17.2,33.5,5.6,20.7,18.9,29.4,11.8,352,7,1019.5,12,2023
"2023-12-22",10.1,22.6,0.4,22.7,18,31,17.4,300,6.5,1020.4,12,2023
"2023-12-23",15.3,30,4.1,21.8,17,24,21,42,8.4,1019.7,12,2023
"2023-12-24",13,26.4,2.6,21.1,17,30,16,5,8.4,1019,12,2023
"2023-12-25",9,25,0,20.6,17,30,8.9,93,9,1019,12,2023
"2023-12-26",11.2,24.4,2.5,21.8,16,30,9.7,19,10.1,1018.6,12,2023
"2023-12-27",8.3,20.2,2,22.3,18,28.4,7.7,325,8.3,NA,12,2023
"2023-12-28",7.6,17.4,1.1,22.7,19,30,10.8,303,12.2,1018.5,12,2023
"2023-12-29",6.7,11.1,2,23.2,19,29.4,9.7,295,11.4,1017.7,12,2023
"2023-12-30",12.3,33.1,2.8,23.7,19,30,14.3,265,8.3,NA,12,2023
"2023-12-31",13.9,24.7,4.5,22.3,18.9,32,19.8,65,4.9,1017.9,12,2023
